Each Client SKU ID,Style,Color,Size,Total Available Quantity In CM,Kolkata
BPB167BLK12Y669,B167,BLK,12Y,117,3
BPB167BLK14Y669,B167,BLK,14Y,196,3
BPB167NYB12Y669,B167,NYB,12Y,52,3
BPB167NYB14Y669,B167,NYB,14Y,114,3
BPBR25BLK06Y,BR25,BLK,06Y,18,3
BPBR25TRN032,BR25,TRN,32,40,7
BPBR25TRN034,BR25,TRN,34,33,6
BSBR16BLK06Y429,BR16,BLK,06Y,165,10
BSBR16BLK08Y429,BR16,BLK,08Y,91,15
BSBR16BLK10Y429,BR16,BLK,10Y,382,20
BSBR16BLK12Y429,BR16,BLK,12Y,604,20
BSBR16BLK14Y429,BR16,BLK,14Y,600,10
BSBR16BOE06Y429,BR16,BOE,06Y,75,10
BSBR16BOE08Y429,BR16,BOE,08Y,69,12
BSBR16BOE10Y429,BR16,BOE,10Y,159,20
BSBR16BOE12Y429,BR16,BOE,12Y,294,20
BSBR16BOE14Y429,BR16,BOE,14Y,300,10
BSBR16NYB06Y429,BR16,NYB,06Y,75,10
BSBR16NYB08Y429,BR16,NYB,08Y,69,12
BSBR16NYB10Y429,BR16,NYB,10Y,191,20
BSBR16NYB12Y429,BR16,NYB,12Y,293,20
BSBR16NYB14Y429,BR16,NYB,14Y,295,10
BSBR16SKO06Y429,BR16,SKO,06Y,75,10
BSBR16SKO08Y429,BR16,SKO,08Y,68,12
BSBR16SKO10Y429,BR16,SKO,10Y,158,20
BSBR16SKO12Y429,BR16,SKO,12Y,286,20
BSBR16SKO14Y429,BR16,SKO,14Y,297,10
BSBR16WLG06Y429,BR16,WLG,06Y,84,10
BSBR16WLG08Y429,BR16,WLG,08Y,77,13
BSBR16WLG10Y429,BR16,WLG,10Y,167,20
BSBR16WLG12Y429,BR16,WLG,12Y,302,20
BSBR16WLG14Y429,BR16,WLG,14Y,309,10
BSBR26BLK030,BR26,BLK,30,18,3
BSBR26IRG032,BR26,IRG,32,20,3
BSBR26KHI032,BR26,KHI,32,31,3
BSBR26KHI034,BR26,KHI,34,16,3
BSBR26SKO10Y,BR26,SKO,10Y,23,4
BSBR26SKO12Y,BR26,SKO,12Y,30,5
BSBR26TRN032,BR26,TRN,32,16,3
BTB166AQS10Y,B166,AQS,10Y,16,3
BTB166RED12Y,B166,RED,12Y,25,3
BTB166WGN10Y,B166,WGN,10Y,32,3
BTB166WGN14Y,B166,WGN,14Y,20,3
BTB182BLK10Y,B182,BLK,10Y,41,7
BTB182BLK12Y,B182,BLK,12Y,40,7
BTB182BLK14Y,B182,BLK,14Y,78,10
BTB182BRD12Y,B182,BRD,12Y,35,6
BTB182BRD14Y,B182,BRD,14Y,79,10
BTB182GVE10Y459,B182,GVE,10Y,36,6
BTB182GVE12Y459,B182,GVE,12Y,56,10
BTB182GVE14Y459,B182,GVE,14Y,84,10
BTB182MNB12Y,B182,MNB,12Y,51,9
BTB182MNB14Y,B182,MNB,14Y,95,10
BTB182MTG10Y,B182,MTG,10Y,21,4
BTB182MTG12Y,B182,MTG,12Y,42,7
BTB182MTG14Y,B182,MTG,14Y,86,10
BTB182TEL10Y459,B182,TEL,10Y,36,6
BTB182TEL12Y459,B182,TEL,12Y,56,10
BTB182TEL14Y459,B182,TEL,14Y,84,10
BTB196BLK08Y499,B196,BLK,08Y,52,9
BTB196BLK10Y499,B196,BLK,10Y,114,19
BTB196BLK12Y499,B196,BLK,12Y,180,20
BTB196BLK14Y499,B196,BLK,14Y,246,10
BTB196NYB08Y499,B196,NYB,08Y,52,9
BTB196NYB10Y499,B196,NYB,10Y,114,19
BTB196NYB12Y499,B196,NYB,12Y,180,20
BTB196NYB14Y499,B196,NYB,14Y,246,10
BTB196RED08Y499,B196,RED,08Y,52,9
BTB196RED10Y499,B196,RED,10Y,114,19
BTB196RED12Y499,B196,RED,12Y,180,20
BTB196RED14Y499,B196,RED,14Y,246,10
BTB196SDL08Y499,B196,SDL,08Y,64,11
BTB196SDL10Y499,B196,SDL,10Y,129,20
BTB196SDL12Y499,B196,SDL,12Y,195,20
BTB196SDL14Y499,B196,SDL,14Y,261,10
BTB196SKY08Y499,B196,SKY,08Y,60,10
BTB196SKY10Y499,B196,SKY,10Y,123,20
BTB196SKY12Y499,B196,SKY,12Y,189,20
BTB196SKY14Y499,B196,SKY,14Y,255,10
BTB196TEL08Y499,B196,TEL,08Y,60,10
BTB196TEL10Y499,B196,TEL,10Y,126,20
BTB196TEL12Y499,B196,TEL,12Y,192,20
BTB196TEL14Y499,B196,TEL,14Y,258,10
BTB197BLK08Y599,B197,BLK,08Y,21,4
BTB197BLK10Y599,B197,BLK,10Y,43,7
BTB197BLK12Y599,B197,BLK,12Y,65,11
BTB197BLK14Y599,B197,BLK,14Y,89,10
BTB197NYB08Y599,B197,NYB,08Y,15,3
BTB197NYB10Y599,B197,NYB,10Y,37,6
BTB197NYB12Y599,B197,NYB,12Y,57,10
BTB197NYB14Y599,B197,NYB,14Y,80,10
BTB197RED08Y599,B197,RED,08Y,15,3
BTB197RED10Y599,B197,RED,10Y,37,6
BTB197RED12Y599,B197,RED,12Y,57,10
BTB197RED14Y599,B197,RED,14Y,80,10
BTB197SDL08Y599,B197,SDL,08Y,15,3
BTB197SDL10Y599,B197,SDL,10Y,37,6
BTB197SDL12Y599,B197,SDL,12Y,56,10
BTB197SDL14Y599,B197,SDL,14Y,80,10
BTB197SKY08Y599,B197,SKY,08Y,17,3
BTB197SKY10Y599,B197,SKY,10Y,40,7
BTB197SKY12Y599,B197,SKY,12Y,59,10
BTB197SKY14Y599,B197,SKY,14Y,92,10
BTB197TEL08Y599,B197,TEL,08Y,23,4
BTB197TEL10Y599,B197,TEL,10Y,46,8
BTB197TEL12Y599,B197,TEL,12Y,69,12
BTB197TEL14Y599,B197,TEL,14Y,92,10
BTB211YLW14Y,B211,YLW,14Y,49,3
BTB212CFK14Y,B212,CFK,14Y,21,3
BTB212YLW14Y,B212,YLW,14Y,27,3
BTB241BLE08Y529,B241,BLE,08Y,24,4
BTB241BLE10Y529,B241,BLE,10Y,65,11
BTB241BLE12Y529,B241,BLE,12Y,112,19
BTB241BLE14Y529,B241,BLE,14Y,162,10
BTB241BLK08Y529,B241,BLK,08Y,31,5
BTB241BLK10Y529,B241,BLK,10Y,64,11
BTB241BLK12Y529,B241,BLK,12Y,110,19
BTB241BLK14Y529,B241,BLK,14Y,155,10
BTB241BRD08Y529,B241,BRD,08Y,33,6
BTB241BRD10Y529,B241,BRD,10Y,73,12
BTB241BRD12Y529,B241,BRD,12Y,115,20
BTB241BRD14Y529,B241,BRD,14Y,159,10
BTB241GFT08Y529,B241,GFT,08Y,34,6
BTB241GFT10Y529,B241,GFT,10Y,72,12
BTB241GFT12Y529,B241,GFT,12Y,117,20
BTB241GFT14Y529,B241,GFT,14Y,169,10
BTB241MNB08Y529,B241,MNB,08Y,28,5
BTB241MNB10Y529,B241,MNB,10Y,69,12
BTB241MNB12Y529,B241,MNB,12Y,92,16
BTB241MNB14Y529,B241,MNB,14Y,160,10
BTB241TEL08Y529,B241,TEL,08Y,32,5
BTB241TEL10Y529,B241,TEL,10Y,76,13
BTB241TEL12Y529,B241,TEL,12Y,122,20
BTB241TEL14Y529,B241,TEL,14Y,170,10
BTBR10BLK08Y299,BR10,BLK,08Y,94,15
BTBR10BLK10Y299,BR10,BLK,10Y,212,20
BTBR10BLK12Y299,BR10,BLK,12Y,330,20
BTBR10BLK14Y299,BR10,BLK,14Y,336,10
BTBR10GFT08Y299,BR10,GFT,08Y,110,15
BTBR10GFT10Y299,BR10,GFT,10Y,223,20
BTBR10GFT12Y299,BR10,GFT,12Y,344,20
BTBR10GFT14Y299,BR10,GFT,14Y,346,10
BTBR10LBE08Y299,BR10,LBE,08Y,108,15
BTBR10LBE10Y299,BR10,LBE,10Y,226,20
BTBR10LBE12Y299,BR10,LBE,12Y,345,20
BTBR10LBE14Y299,BR10,LBE,14Y,345,10
BTBR10RST08Y299,BR10,RST,08Y,94,15
BTBR10RST10Y299,BR10,RST,10Y,201,20
BTBR10RST12Y299,BR10,RST,12Y,331,20
BTBR10RST14Y299,BR10,RST,14Y,337,10
BTBR10TEL08Y299,BR10,TEL,08Y,106,15
BTBR10TEL10Y299,BR10,TEL,10Y,216,20
BTBR10TEL12Y299,BR10,TEL,12Y,346,20
BTBR10TEL14Y299,BR10,TEL,14Y,352,10
BTBR10WHT08Y299,BR10,WHT,08Y,106,15
BTBR10WHT10Y299,BR10,WHT,10Y,216,20
BTBR10WHT12Y299,BR10,WHT,12Y,340,20
BTBR10WHT14Y299,BR10,WHT,14Y,353,10
MFP823WHT2XL949,P823,WHT,2XL,243,20
MFP823WHTLAR949,P823,WHT,LAR,332,30
MFP823WHTMED949,P823,WHT,MED,369,20
MFP823WHTXLR949,P823,WHT,XLR,351,30
MFP984BLE2XL1049,P984,BLE,2XL,180,20
MFP984BLELAR1049,P984,BLE,LAR,230,30
MFP984BLEMED1049,P984,BLE,MED,366,20
MFP984BLEXLR1049,P984,BLE,XLR,231,30
MFP984BLK2XL1049,P984,BLK,2XL,178,20
MFP984BLKLAR1049,P984,BLK,LAR,224,30
MFP984BLKMED1049,P984,BLK,MED,364,20
MFP984BLKXLR1049,P984,BLK,XLR,224,30
MFP984NYB2XL1049,P984,NYB,2XL,178,20
MFP984NYBLAR1049,P984,NYB,LAR,225,30
MFP984NYBMED1049,P984,NYB,MED,365,20
MFP984NYBXLR1049,P984,NYB,XLR,224,30
MFP984OGY2XL1049,P984,OGY,2XL,178,20
MFP984OGYLAR1049,P984,OGY,LAR,223,30
MFP984OGYMED1049,P984,OGY,MED,366,20
MFP984OGYXLR1049,P984,OGY,XLR,224,30
MFP984SKO2XL1049,P984,SKO,2XL,186,20
MFP984SKOLAR1049,P984,SKO,LAR,239,30
MFP984SKOMED1049,P984,SKO,MED,373,20
MFP984SKOXLR1049,P984,SKO,XLR,240,30
MFP984WLG2XL1049,P984,WLG,2XL,189,20
MFP984WLGLAR1049,P984,WLG,LAR,244,30
MFP984WLGMED1049,P984,WLG,MED,375,20
MFP984WLGXLR1049,P984,WLG,XLR,245,30
MIOR259BLK2XL499,OR259,BLK,2XL,714,20
MIOR259BLKLAR499,OR259,BLK,LAR,1228,30
MIOR259BLKMED499,OR259,BLK,MED,1414,20
MIOR259BLKXLR499,OR259,BLK,XLR,1270,30
MIOR259LTG2XL499,OR259,LTG,2XL,234,20
MIOR259LTGLAR499,OR259,LTG,LAR,327,30
MIOR259LTGMED499,OR259,LTG,MED,468,20
MIOR259LTGXLR499,OR259,LTG,XLR,327,30
MIOR259NYB2XL499,OR259,NYB,2XL,234,20
MIOR259NYBLAR499,OR259,NYB,LAR,327,30
MIOR259NYBMED499,OR259,NYB,MED,423,20
MIOR259NYBXLR499,OR259,NYB,XLR,327,30
MIOR259WLG2XL499,OR259,WLG,2XL,234,20
MIOR259WLGLAR499,OR259,WLG,LAR,327,30
MIOR259WLGMED499,OR259,WLG,MED,459,20
MIOR259WLGXLR499,OR259,WLG,XLR,327,30
MJP993BLE2XL899,P993,BLE,2XL,77,13
MJP993BLELAR899,P993,BLE,LAR,176,30
MJP993BLEMED899,P993,BLE,MED,181,20
MJP993BLEXLR899,P993,BLE,XLR,174,30
MJP993BLK2XL899,P993,BLK,2XL,196,20
MJP993BLKLAR899,P993,BLK,LAR,464,30
MJP993BLKMED899,P993,BLK,MED,470,20
MJP993BLKXLR899,P993,BLK,XLR,464,30
MJP993BOE2XL899,P993,BOE,2XL,76,13
MJP993BOELAR899,P993,BOE,LAR,142,24
MJP993BOEMED899,P993,BOE,MED,182,20
MJP993BOEXLR899,P993,BOE,XLR,176,30
MJP993GFT2XL899,P993,GFT,2XL,76,13
MJP993GFTLAR899,P993,GFT,LAR,176,30
MJP993GFTMED899,P993,GFT,MED,183,20
MJP993GFTXLR899,P993,GFT,XLR,176,30
MJP993OGY2XL899,P993,OGY,2XL,96,16
MJP993OGYLAR899,P993,OGY,LAR,216,30
MJP993OGYMED899,P993,OGY,MED,214,20
MJP993OGYXLR899,P993,OGY,XLR,240,30
MJPL93BLKLAR1149,PL93,BLK,LAR,1704,30
MJPL93BLKMED1149,PL93,BLK,MED,0,10
MJPL93BLKXLR1149,PL93,BLK,XLR,768,30
MJPL93BTELAR1149,PL93,BTE,LAR,1127,30
MJPL93BTEMED1149,PL93,BTE,MED,973,20
MJPL93GFTLAR1149,PL93,GFT,LAR,1009,30
MJPL93GFTXLR1149,PL93,GFT,XLR,13,14
MJPL93NYBLAR1149,PL93,NYB,LAR,1166,30
MJPL93NYBMED1149,PL93,NYB,MED,919,20
MJPL93NYBXLR1149,PL93,NYB,XLR,893,30
MJPL93WLGLAR1149,PL93,WLG,LAR,725,30
MJPL93WLGMED1149,PL93,WLG,MED,777,20
MJPL93WLGXLR1149,PL93,WLG,XLR,1798,30
MJPM84BLE2XL889,PM84,BLE,2XL,382,20
MJPM84BLELAR889,PM84,BLE,LAR,760,30
MJPM84BLEMED889,PM84,BLE,MED,844,20
MJPM84BLEXLR889,PM84,BLE,XLR,784,30
MJPM84BLK2XL889,PM84,BLK,2XL,564,20
MJPM84BLKLAR889,PM84,BLK,LAR,1298,30
MJPM84BLKMED889,PM84,BLK,MED,1312,20
MJPM84BLKXLR889,PM84,BLK,XLR,1326,30
MJPM84GFT2XL889,PM84,GFT,2XL,117,20
MJPM84GFTLAR889,PM84,GFT,LAR,263,30
MJPM84GFTMED889,PM84,GFT,MED,299,20
MJPM84GFTXLR889,PM84,GFT,XLR,281,30
MJPM84NYB2XL889,PM84,NYB,2XL,124,20
MJPM84NYBLAR889,PM84,NYB,LAR,259,30
MJPM84NYBMED889,PM84,NYB,MED,355,20
MJPM84NYBXLR889,PM84,NYB,XLR,308,30
MJPM84WLG2XL889,PM84,WLG,2XL,123,20
MJPM84WLGLAR889,PM84,WLG,LAR,268,30
MJPM84WLGMED889,PM84,WLG,MED,314,20
MJPM84WLGXLR889,PM84,WLG,XLR,289,30
MJPM91BLK2XL005,PM91,BLK,2XL,526,20
MJPM91BLKLAR005,PM91,BLK,LAR,175,30
MJPM91BLKXLR005,PM91,BLK,XLR,89,7
MJPM91BTELAR006949,PM91,BTE,LAR,263,30
MJPM91BTEXLR006949,PM91,BTE,XLR,43,7
MJPM91GFT2XL006949,PM91,GFT,2XL,132,20
MJPM91GFTLAR006949,PM91,GFT,LAR,154,26
MJPM91GFTXLR006949,PM91,GFT,XLR,419,30
MJPM91NYB2XL005,PM91,NYB,2XL,90,15
MJPM91NYBLAR005,PM91,NYB,LAR,198,26
MJPM91WLGXLR006,PM91,WLG,XLR,184,30
MJPM99BLK2XL1019,PM99,BLK,2XL,78,13
MJPM99BLKLAR1019,PM99,BLK,LAR,138,23
MJPM99BLKMED1019,PM99,BLK,MED,302,20
MJPM99BLKXLR1019,PM99,BLK,XLR,169,29
MJPM99GFT2XL1019,PM99,GFT,2XL,83,14
MJPM99GFTLAR1019,PM99,GFT,LAR,111,19
MJPM99GFTMED1019,PM99,GFT,MED,86,15
MJPM99GFTXLR1019,PM99,GFT,XLR,177,30
MJPM99NYB2XL1019,PM99,NYB,2XL,83,14
MJPM99NYBLAR1019,PM99,NYB,LAR,117,20
MJPM99NYBMED1019,PM99,NYB,MED,189,20
MJPM99NYBXLR1019,PM99,NYB,XLR,175,30
MPOR15BLK2XL749,OR15,BLK,2XL,119,20
MPOR15BLKLAR749,OR15,BLK,LAR,184,30
MPOR15BLKMED749,OR15,BLK,MED,145,20
MPOR15BLKXLR749,OR15,BLK,XLR,130,22
MPOR15CHA2XL749,OR15,CHA,2XL,54,9
MPOR15CHALAR749,OR15,CHA,LAR,80,14
MPOR15CHAMED749,OR15,CHA,MED,66,11
MPOR15CHAXLR749,OR15,CHA,XLR,60,10
MPOR15IRG2XL749,OR15,IRG,2XL,54,9
MPOR15IRGLAR749,OR15,IRG,LAR,60,13
MPOR15IRGMED749,OR15,IRG,MED,67,11
MPOR15IRGXLR749,OR15,IRG,XLR,57,10
MPOR15KHI2XL749,OR15,KHI,2XL,80,14
MPOR15KHILAR749,OR15,KHI,LAR,80,14
MPOR15KHIMED749,OR15,KHI,MED,69,12
MPOR15KHIXLR749,OR15,KHI,XLR,56,10
MPOR15LTG2XL749,OR15,LTG,2XL,59,10
MPOR15LTGLAR749,OR15,LTG,LAR,86,15
MPOR15LTGMED749,OR15,LTG,MED,70,12
MPOR15LTGXLR749,OR15,LTG,XLR,67,11
MPOR15NYB2XL749,OR15,NYB,2XL,57,10
MPOR15NYBLAR749,OR15,NYB,LAR,87,15
MPOR15NYBMED749,OR15,NYB,MED,53,9
MPOR15NYBXLR749,OR15,NYB,XLR,65,11
MPOR219BLK2XL999,OR219,BLK,2XL,541,20
MPOR219BLKLAR999,OR219,BLK,LAR,1182,30
MPOR219BLKMED999,OR219,BLK,MED,868,20
MPOR219BLKXLR999,OR219,BLK,XLR,1056,30
MPOR219CNG2XL999,OR219,CNG,2XL,202,20
MPOR219CNGLAR999,OR219,CNG,LAR,472,30
MPOR219CNGMED999,OR219,CNG,MED,334,20
MPOR219CNGXLR999,OR219,CNG,XLR,418,30
MPOR219KHI2XL999,OR219,KHI,2XL,196,20
MPOR219KHILAR999,OR219,KHI,LAR,489,30
MPOR219KHIMED999,OR219,KHI,MED,332,20
MPOR219KHIXLR999,OR219,KHI,XLR,405,30
MPOR219SKO2XL999,OR219,SKO,2XL,175,20
MPOR219SKOLAR999,OR219,SKO,LAR,465,30
MPOR219SKOMED999,OR219,SKO,MED,324,20
MPOR219SKOXLR999,OR219,SKO,XLR,398,30
MPOR219WLG2XL999,OR219,WLG,2XL,183,20
MPOR219WLGLAR999,OR219,WLG,LAR,491,30
MPOR219WLGMED999,OR219,WLG,MED,322,20
MPOR219WLGXLR999,OR219,WLG,XLR,411,30
MPOR25BLK2XL679,OR25,BLK,2XL,66,11
MPOR25BLK2XL719,OR25,BLK,2XL,1099,20
MPOR25BLK3XL759,OR25,BLK,3XL,21,3
MPOR25BLK4XL759,OR25,BLK,4XL,71,3
MPOR25BLK5XL759,OR25,BLK,5XL,73,3
MPOR25BLKLAR719,OR25,BLK,LAR,2658,30
MPOR25BLKMED719,OR25,BLK,MED,2340,20
MPOR25BLKXLR719,OR25,BLK,XLR,1845,30
MPOR25BOE2XL719,OR25,BOE,2XL,126,20
MPOR25BOELAR679,OR25,BOE,LAR,40,7
MPOR25BOELAR719,OR25,BOE,LAR,365,30
MPOR25BOEMED679,OR25,BOE,MED,34,6
MPOR25BOEMED719,OR25,BOE,MED,210,20
MPOR25BOEXLR679,OR25,BOE,XLR,51,9
MPOR25BOEXLR719,OR25,BOE,XLR,330,30
MPOR25BTE2XL719,OR25,BTE,2XL,566,20
MPOR25BTELAR719,OR25,BTE,LAR,1251,30
MPOR25BTEMED719,OR25,BTE,MED,957,20
MPOR25BTEXLR719,OR25,BTE,XLR,977,30
MPOR25IRG2XL719,OR25,IRG,2XL,342,20
MPOR25IRGLAR719,OR25,IRG,LAR,859,30
MPOR25IRGMED719,OR25,IRG,MED,561,20
MPOR25IRGXLR719,OR25,IRG,XLR,579,30
MPOR25LTG2XL719,OR25,LTG,2XL,156,20
MPOR25LTGLAR679,OR25,LTG,LAR,22,5
MPOR25LTGLAR719,OR25,LTG,LAR,431,30
MPOR25LTGMED679,OR25,LTG,MED,33,6
MPOR25LTGMED719,OR25,LTG,MED,341,20
MPOR25LTGXLR719,OR25,LTG,XLR,408,30
MPOR25NYB2XL719,OR25,NYB,2XL,554,20
MPOR25NYBLAR719,OR25,NYB,LAR,1364,30
MPOR25NYBMED719,OR25,NYB,MED,1059,20
MPOR25NYBXLR719,OR25,NYB,XLR,939,30
MPOR25SKO2XL719,OR25,SKO,2XL,150,20
MPOR25SKOLAR719,OR25,SKO,LAR,381,30
MPOR25SKOMED719,OR25,SKO,MED,213,20
MPOR25SKOXLR719,OR25,SKO,XLR,351,30
MPOR25WLG2XL679,OR25,WLG,2XL,51,9
MPOR25WLG2XL719,OR25,WLG,2XL,275,20
MPOR25WLGLAR679,OR25,WLG,LAR,58,10
MPOR25WLGLAR719,OR25,WLG,LAR,367,30
MPOR25WLGMED679,OR25,WLG,MED,48,8
MPOR25WLGMED719,OR25,WLG,MED,355,20
MPOR25WLGXLR679,OR25,WLG,XLR,58,10
MPOR25WLGXLR719,OR25,WLG,XLR,340,30
MPOR39BLK2XL779,OR39,BLK,2XL,33,6
MPOR39BLKLAR779,OR39,BLK,LAR,308,10
MPOR39BLKMED779,OR39,BLK,MED,252,10
MPOR39BLKXLR779,OR39,BLK,XLR,173,10
MPOR39KHI2XL779,OR39,KHI,2XL,100,5
MPOR39KHILAR779,OR39,KHI,LAR,154,11
MPOR39KHIMED779,OR39,KHI,MED,241,10
MPOR39KHIXLR779,OR39,KHI,XLR,49,8
MPOR69BLK2XL,OR69,BLK,2XL,255,20
MPOR69BLKLAR,OR69,BLK,LAR,916,30
MPOR69BLKMED,OR69,BLK,MED,599,20
MPOR69BLKXLR,OR69,BLK,XLR,592,30
MPOR69CNG2XL559,OR69,CNG,2XL,242,20
MPOR69CNGLAR559,OR69,CNG,LAR,859,30
MPOR69CNGMED559,OR69,CNG,MED,505,20
MPOR69CNGXLR559,OR69,CNG,XLR,580,30
MPOR69KHI2XL,OR69,KHI,2XL,253,20
MPOR69KHILAR,OR69,KHI,LAR,930,30
MPOR69KHIMED,OR69,KHI,MED,478,20
MPOR69KHIXLR,OR69,KHI,XLR,496,30
MPOR69LTG2XL559,OR69,LTG,2XL,273,20
MPOR69LTGLAR559,OR69,LTG,LAR,932,30
MPOR69LTGMED559,OR69,LTG,MED,588,20
MPOR69LTGXLR559,OR69,LTG,XLR,590,30
MPOR69NVY2XL,OR69,NVY,2XL,285,20
MPOR69NVYLAR,OR69,NVY,LAR,895,30
MPOR69NVYMED,OR69,NVY,MED,594,20
MPOR69NVYXLR,OR69,NVY,XLR,563,30
MPOR85BLKLAR589,OR85,BLK,LAR,74,13
MPOR85BLKMED589,OR85,BLK,MED,114,20
MPOR85BOE2XL589,OR85,BOE,2XL,30,5
MPOR85BOELAR589,OR85,BOE,LAR,98,17
MPOR85BOEMED589,OR85,BOE,MED,95,16
MPOR85CNG2XL589,OR85,CNG,2XL,145,20
MPOR85CNGLAR589,OR85,CNG,LAR,282,30
MPOR85CNGMED589,OR85,CNG,MED,216,20
MPOR85CNGXLR589,OR85,CNG,XLR,73,12
MPOR85GFT2XL589,OR85,GFT,2XL,112,19
MPOR85GFTLAR589,OR85,GFT,LAR,211,30
MPOR85GFTMED589,OR85,GFT,MED,159,20
MPOR85GFTXLR589,OR85,GFT,XLR,57,10
MPOR85KHI2XL589,OR85,KHI,2XL,50,9
MPOR85KHILAR589,OR85,KHI,LAR,83,14
MPOR85KHIMED589,OR85,KHI,MED,57,10
MPOR85LTG2XL589,OR85,LTG,2XL,165,20
MPOR85LTGLAR589,OR85,LTG,LAR,413,30
MPOR85LTGMED589,OR85,LTG,MED,220,20
MPOR85LTGXLR589,OR85,LTG,XLR,94,16
MPOR85WLG2XL589,OR85,WLG,2XL,34,6
MPOR85WLGLAR589,OR85,WLG,LAR,102,17
MPOR85WLGMED589,OR85,WLG,MED,129,20
MPOR85WLGXLR589,OR85,WLG,XLR,46,8
MPOR89BLK2XL725,OR89,BLK,2XL,308,20
MPOR89BLKLAR,OR89,BLK,LAR,49,13
MPOR89BLKLAR725,OR89,BLK,LAR,674,30
MPOR89BLKMED,OR89,BLK,MED,56,9
MPOR89BLKMED725,OR89,BLK,MED,482,20
MPOR89BLKXLR,OR89,BLK,XLR,82,15
MPOR89BLKXLR725,OR89,BLK,XLR,596,30
MPOR89BOE2XL725,OR89,BOE,2XL,302,20
MPOR89BOELAR725,OR89,BOE,LAR,693,30
MPOR89BOEMED725,OR89,BOE,MED,493,20
MPOR89BOEXLR725,OR89,BOE,XLR,595,30
MPOR89BTE2XL725,OR89,BTE,2XL,662,20
MPOR89BTELAR725,OR89,BTE,LAR,1465,30
MPOR89BTEMED725,OR89,BTE,MED,913,20
MPOR89BTEXLR725,OR89,BTE,XLR,1286,30
MPOR89IRG2XL725,OR89,IRG,2XL,567,20
MPOR89IRGLAR725,OR89,IRG,LAR,1472,30
MPOR89IRGMED725,OR89,IRG,MED,1056,20
MPOR89IRGXLR725,OR89,IRG,XLR,1171,30
MPOR89KHI2XL725,OR89,KHI,2XL,264,20
MPOR89KHILAR725,OR89,KHI,LAR,651,30
MPOR89KHIMED725,OR89,KHI,MED,474,20
MPOR89KHIXLR725,OR89,KHI,XLR,587,30
MPOR89LTG2XL725,OR89,LTG,2XL,301,20
MPOR89LTGLAR,OR89,LTG,LAR,43,9
MPOR89LTGLAR725,OR89,LTG,LAR,662,30
MPOR89LTGMED725,OR89,LTG,MED,467,20
MPOR89LTGXLR725,OR89,LTG,XLR,522,30
MPOR89NYB2XL725,OR89,NYB,2XL,756,20
MPOR89NYBLAR,OR89,NYB,LAR,17,5
MPOR89NYBLAR725,OR89,NYB,LAR,2299,30
MPOR89NYBMED725,OR89,NYB,MED,1613,20
MPOR89NYBSML725,OR89,NYB,SML,533,15
MPOR89NYBXLR,OR89,NYB,XLR,29,5
MPOR89NYBXLR725,OR89,NYB,XLR,1680,30
MPOR89SKO2XL,OR89,SKO,2XL,179,20
MPOR89SKOLAR,OR89,SKO,LAR,210,30
MPOR89SKOMED,OR89,SKO,MED,129,20
MPOR89SKOXLR,OR89,SKO,XLR,158,29
MPOR89WLG2XL,OR89,WLG,2XL,193,20
MPOR89WLGLAR,OR89,WLG,LAR,322,30
MPOR89WLGMED,OR89,WLG,MED,255,20
MPOR89WLGXLR,OR89,WLG,XLR,174,30
MPOR99BLK3XL799,OR99,BLK,3XL,757,10
MPOR99BLK4XL799,OR99,BLK,4XL,535,5
MPOR99BLK5XL799,OR99,BLK,5XL,377,5
MPOR99BTE2XL729,OR99,BTE,2XL,119,20
MPOR99BTELAR729,OR99,BTE,LAR,151,26
MPOR99BTEXLR729,OR99,BTE,XLR,77,13
MPOR99GFT3XL799,OR99,GFT,3XL,403,10
MPOR99GFT4XL799,OR99,GFT,4XL,264,5
MPOR99GFT5XL799,OR99,GFT,5XL,186,5
MPOR99KHI3XL799,OR99,KHI,3XL,394,10
MPOR99KHI4XL799,OR99,KHI,4XL,258,5
MPOR99KHI5XL799,OR99,KHI,5XL,180,5
MPOR99NVY3XL799,OR99,NVY,3XL,389,10
MPOR99NVY4XL799,OR99,NVY,4XL,258,5
MPOR99NVY5XL799,OR99,NVY,5XL,179,5
MPOR99OGY2XL729,OR99,OGY,2XL,99,17
MPOR99OGYLAR729,OR99,OGY,LAR,135,23
MPOR99OGYMED729,OR99,OGY,MED,34,6
MPOR99OGYXLR729,OR99,OGY,XLR,69,12
MPOR99WLG3XL799,OR99,WLG,3XL,396,10
MPOR99WLG4XL799,OR99,WLG,4XL,258,5
MPOR99WLG5XL799,OR99,WLG,5XL,180,5
MPP664BLK2XL739,P664,BLK,2XL,96,16
MPP664BLKLAR739,P664,BLK,LAR,236,30
MPP664BLKMED739,P664,BLK,MED,200,20
MPP664BLKXLR739,P664,BLK,XLR,226,30
MPP664CHA2XL739,P664,CHA,2XL,58,10
MPP664CHALAR739,P664,CHA,LAR,142,24
MPP664CHAMED739,P664,CHA,MED,157,20
MPP664CHAXLR739,P664,CHA,XLR,119,20
MPP664DCN2XL739,P664,DCN,2XL,57,10
MPP664DCNLAR739,P664,DCN,LAR,144,24
MPP664DCNMED739,P664,DCN,MED,101,17
MPP664DCNXLR739,P664,DCN,XLR,119,20
MPP664IRG2XL739,P664,IRG,2XL,66,11
MPP664IRGLAR739,P664,IRG,LAR,161,27
MPP664IRGMED739,P664,IRG,MED,101,17
MPP664IRGXLR739,P664,IRG,XLR,119,20
MPP664KHI2XL739,P664,KHI,2XL,52,9
MPP664KHILAR739,P664,KHI,LAR,150,26
MPP664KHIMED739,P664,KHI,MED,106,18
MPP664KHIXLR739,P664,KHI,XLR,126,21
MPP664LTG2XL739,P664,LTG,2XL,57,10
MPP664LTGLAR739,P664,LTG,LAR,145,25
MPP664LTGMED739,P664,LTG,MED,101,17
MPP664LTGXLR739,P664,LTG,XLR,119,20
MPP664NYB2XL739,P664,NYB,2XL,60,10
MPP664NYBLAR739,P664,NYB,LAR,149,25
MPP664NYBMED739,P664,NYB,MED,127,20
MPP664NYBXLR739,P664,NYB,XLR,122,21
MPP675BLK3XL899,P675,BLK,3XL,22,4
MPP675BLK4XL899,P675,BLK,4XL,11,2
MPP675BLK5XL899,P675,BLK,5XL,18,3
MPP735BLE2XL929,P735,BLE,2XL,168,20
MPP735BLELAR929,P735,BLE,LAR,312,30
MPP735BLEMED929,P735,BLE,MED,248,20
MPP735BLEXLR929,P735,BLE,XLR,265,30
MPP735BLK2XL929,P735,BLK,2XL,350,20
MPP735BLKLAR929,P735,BLK,LAR,787,30
MPP735BLKMED929,P735,BLK,MED,492,20
MPP735BLKXLR929,P735,BLK,XLR,652,30
MPP735GFT2XL929,P735,GFT,2XL,167,20
MPP735GFTLAR929,P735,GFT,LAR,312,30
MPP735GFTMED929,P735,GFT,MED,248,20
MPP735GFTXLR929,P735,GFT,XLR,264,30
MPP735KHI2XL929,P735,KHI,2XL,153,20
MPP735KHILAR929,P735,KHI,LAR,323,30
MPP735KHIMED929,P735,KHI,MED,177,20
MPP735KHIXLR929,P735,KHI,XLR,357,30
MPP735LTG2XL929,P735,LTG,2XL,170,20
MPP735LTGLAR929,P735,LTG,LAR,313,30
MPP735LTGMED929,P735,LTG,MED,221,20
MPP735LTGXLR929,P735,LTG,XLR,284,30
MPP735NYB2XL929,P735,NYB,2XL,169,20
MPP735NYBLAR929,P735,NYB,LAR,312,30
MPP735NYBMED929,P735,NYB,MED,248,20
MPP735NYBXLR929,P735,NYB,XLR,235,30
MPP735WLG2XL929,P735,WLG,2XL,168,20
MPP735WLGLAR929,P735,WLG,LAR,312,30
MPP735WLGMED929,P735,WLG,MED,248,20
MPP735WLGXLR929,P735,WLG,XLR,265,30
MPP831BLK2XL679,P831,BLK,2XL,64,11
MPP831BLKLAR649,P831,BLK,LAR,61,10
MPP831BLKLAR679,P831,BLK,LAR,142,24
MPP831BLKMED649,P831,BLK,MED,62,11
MPP831BLKMED679,P831,BLK,MED,91,15
MPP831BLKXLR679,P831,BLK,XLR,151,26
MPP831CNG2XL679,P831,CNG,2XL,35,6
MPP831CNGLAR649,P831,CNG,LAR,31,5
MPP831CNGLAR679,P831,CNG,LAR,79,13
MPP831CNGMED649,P831,CNG,MED,41,7
MPP831CNGMED679,P831,CNG,MED,56,10
MPP831CNGXLR649,P831,CNG,XLR,35,6
MPP831CNGXLR679,P831,CNG,XLR,77,13
MPP831GFT2XL679,P831,GFT,2XL,37,6
MPP831GFTLAR649,P831,GFT,LAR,31,5
MPP831GFTLAR679,P831,GFT,LAR,81,14
MPP831GFTMED649,P831,GFT,MED,41,7
MPP831GFTMED679,P831,GFT,MED,55,9
MPP831GFTXLR649,P831,GFT,XLR,35,6
MPP831GFTXLR679,P831,GFT,XLR,80,14
MPP831KHI2XL679,P831,KHI,2XL,36,6
MPP831KHILAR649,P831,KHI,LAR,35,6
MPP831KHILAR679,P831,KHI,LAR,81,14
MPP831KHIMED649,P831,KHI,MED,38,6
MPP831KHIMED679,P831,KHI,MED,56,10
MPP831KHIXLR649,P831,KHI,XLR,34,6
MPP831KHIXLR679,P831,KHI,XLR,77,13
MPP831LTG2XL679,P831,LTG,2XL,32,5
MPP831LTGLAR679,P831,LTG,LAR,79,13
MPP831LTGMED679,P831,LTG,MED,49,8
MPP831LTGXLR679,P831,LTG,XLR,78,13
MPP831NYB2XL679,P831,NYB,2XL,27,5
MPP831NYBLAR679,P831,NYB,LAR,62,11
MPP831NYBMED679,P831,NYB,MED,46,8
MPP831NYBXLR679,P831,NYB,XLR,67,11
MPP831WLG2XL679,P831,WLG,2XL,34,6
MPP831WLGLAR679,P831,WLG,LAR,70,12
MPP831WLGXLR679,P831,WLG,XLR,71,12
MPP900BLK2XL799,P900,BLK,2XL,85,14
MPP900BLKLAR799,P900,BLK,LAR,137,23
MPP900BLKMED799,P900,BLK,MED,303,20
MPP900BLKXLR799,P900,BLK,XLR,162,28
MPP900GFT2XL799,P900,GFT,2XL,101,17
MPP900GFTLAR799,P900,GFT,LAR,138,23
MPP900GFTMED799,P900,GFT,MED,81,14
MPP900GFTXLR799,P900,GFT,XLR,190,30
MPP900NYB2XL799,P900,NYB,2XL,96,16
MPP900NYBLAR799,P900,NYB,LAR,156,27
MPP900NYBMED799,P900,NYB,MED,215,20
MPP900NYBXLR799,P900,NYB,XLR,215,30
MPP930BLK2XL669,P930,BLK,2XL,48,8
MPP930BLKLAR669,P930,BLK,LAR,115,20
MPP930BLKMED669,P930,BLK,MED,114,19
MPP930BLKXLR669,P930,BLK,XLR,78,13
MPP931BLK2XL769,P931,BLK,2XL,90,15
MPP931BLKLAR769,P931,BLK,LAR,33,6
MPP931BLKMED769,P931,BLK,MED,45,8
MPP931BLKXLR769,P931,BLK,XLR,33,6
MPP994BLE2XL999,P994,BLE,2XL,77,13
MPP994BLELAR999,P994,BLE,LAR,134,23
MPP994BLEMED999,P994,BLE,MED,175,20
MPP994BLEXLR999,P994,BLE,XLR,134,23
MPP994BLK2XL999,P994,BLK,2XL,227,20
MPP994BLKLAR999,P994,BLK,LAR,473,30
MPP994BLKMED999,P994,BLK,MED,517,20
MPP994BLKXLR999,P994,BLK,XLR,472,30
MPP994BOE2XL999,P994,BOE,2XL,76,13
MPP994BOELAR999,P994,BOE,LAR,134,23
MPP994BOEMED999,P994,BOE,MED,176,20
MPP994BOEXLR999,P994,BOE,XLR,134,23
MPP994GFT2XL999,P994,GFT,2XL,76,13
MPP994GFTLAR999,P994,GFT,LAR,134,23
MPP994GFTMED999,P994,GFT,MED,176,20
MPP994GFTXLR999,P994,GFT,XLR,134,23
MPP994OGY2XL999,P994,OGY,2XL,80,14
MPP994OGYLAR999,P994,OGY,LAR,140,24
MPP994OGYMED999,P994,OGY,MED,181,20
MPP994OGYXLR999,P994,OGY,XLR,144,24
MPPL86BLK2XL899,PL86,BLK,2XL,473,20
MPPL86BLKLAR899,PL86,BLK,LAR,801,30
MPPL86BLKMED899,PL86,BLK,MED,665,20
MPPL86BLKXLR899,PL86,BLK,XLR,583,30
MPPL86BTE2XL899,PL86,BTE,2XL,140,20
MPPL86BTELAR899,PL86,BTE,LAR,200,30
MPPL86BTEMED899,PL86,BTE,MED,212,20
MPPL86BTEXLR899,PL86,BTE,XLR,92,30
MPPL86GFT2XL899,PL86,GFT,2XL,161,20
MPPL86GFTLAR899,PL86,GFT,LAR,249,30
MPPL86GFTMED899,PL86,GFT,MED,237,20
MPPL86GFTXLR899,PL86,GFT,XLR,142,30
MPPL86NVY2XL899,PL86,NVY,2XL,140,20
MPPL86NVYLAR899,PL86,NVY,LAR,200,30
MPPL86NVYMED899,PL86,NVY,MED,213,20
MPPL86NVYXLR899,PL86,NVY,XLR,92,30
MPPL86WLG2XL899,PL86,WLG,2XL,147,20
MPPL86WLGLAR899,PL86,WLG,LAR,245,30
MPPL86WLGMED899,PL86,WLG,MED,230,20
MPPL86WLGXLR899,PL86,WLG,XLR,139,30
MSOR206BLK2XL599,OR206,BLK,2XL,432,20
MSOR206BLKLAR599,OR206,BLK,LAR,605,30
MSOR206BLKMED599,OR206,BLK,MED,588,20
MSOR206BLKXLR599,OR206,BLK,XLR,462,30
MSOR206BOE2XL599,OR206,BOE,2XL,216,20
MSOR206BOELAR599,OR206,BOE,LAR,282,30
MSOR206BOEMED599,OR206,BOE,MED,292,20
MSOR206BOEXLR599,OR206,BOE,XLR,210,30
MSOR206KHI2XL599,OR206,KHI,2XL,216,20
MSOR206KHILAR599,OR206,KHI,LAR,282,30
MSOR206KHIMED599,OR206,KHI,MED,294,20
MSOR206KHIXLR599,OR206,KHI,XLR,210,30
MSOR206NYB2XL599,OR206,NYB,2XL,216,20
MSOR206NYBLAR599,OR206,NYB,LAR,282,30
MSOR206NYBMED599,OR206,NYB,MED,294,20
MSOR206NYBXLR599,OR206,NYB,XLR,210,30
MSOR206WLG2XL599,OR206,WLG,2XL,216,20
MSOR206WLGLAR599,OR206,WLG,LAR,281,30
MSOR206WLGMED599,OR206,WLG,MED,294,20
MSOR206WLGXLR599,OR206,WLG,XLR,211,30
MSOR26BLK2XL499,OR26,BLK,2XL,75,13
MSOR26BLKLAR499,OR26,BLK,LAR,124,21
MSOR26BLKMED499,OR26,BLK,MED,83,14
MSOR26BLKXLR499,OR26,BLK,XLR,64,11
MSOR26CNG2XL499,OR26,CNG,2XL,66,6
MSOR26CNGLAR499,OR26,CNG,LAR,140,8
MSOR26CNGMED499,OR26,CNG,MED,102,12
MSOR26CNGXLR499,OR26,CNG,XLR,89,12
MSOR26GFT2XL499,OR26,GFT,2XL,56,10
MSOR26GFTLAR499,OR26,GFT,LAR,111,16
MSOR26GFTMED499,OR26,GFT,MED,100,12
MSOR26GFTXLR499,OR26,GFT,XLR,104,12
MSOR26LTG2XL499,OR26,LTG,2XL,35,6
MSOR26LTGLAR499,OR26,LTG,LAR,57,10
MSOR26LTGMED499,OR26,LTG,MED,56,10
MSOR26LTGXLR499,OR26,LTG,XLR,57,10
MSOR26NYB2XL499,OR26,NYB,2XL,42,6
MSOR26NYBLAR499,OR26,NYB,LAR,84,14
MSOR26NYBMED499,OR26,NYB,MED,83,8
MSOR26NYBXLR499,OR26,NYB,XLR,79,7
MSOR26SKO2XL499,OR26,SKO,2XL,41,6
MSOR26SKOLAR499,OR26,SKO,LAR,82,14
MSOR26SKOMED499,OR26,SKO,MED,68,12
MSOR26SKOXLR499,OR26,SKO,XLR,67,11
MSOR26WLG2XL499,OR26,WLG,2XL,35,6
MSOR26WLGLAR499,OR26,WLG,LAR,65,11
MSOR26WLGMED499,OR26,WLG,MED,60,10
MSOR26WLGXLR499,OR26,WLG,XLR,64,8
MSOR86BLK2XL579,OR86,BLK,2XL,84,11
MSOR86BLKLAR579,OR86,BLK,LAR,327,16
MSOR86BLKMED579,OR86,BLK,MED,52,10
MSOR86BLKXLR579,OR86,BLK,XLR,214,11
MSOR86BTE2XL599,OR86,BTE,2XL,790,20
MSOR86BTELAR599,OR86,BTE,LAR,985,30
MSOR86BTEMED599,OR86,BTE,MED,686,20
MSOR86BTEXLR,OR86,BTE,XLR,45,8
MSOR86BTEXLR599,OR86,BTE,XLR,962,30
MSOR86IRG2XL599,OR86,IRG,2XL,297,20
MSOR86IRGLAR599,OR86,IRG,LAR,459,30
MSOR86IRGMED599,OR86,IRG,MED,280,20
MSOR86IRGXLR599,OR86,IRG,XLR,463,30
MSOR86KHI2XL599,OR86,KHI,2XL,770,20
MSOR86KHILAR599,OR86,KHI,LAR,957,30
MSOR86KHIMED599,OR86,KHI,MED,540,20
MSOR86KHIXLR599,OR86,KHI,XLR,1030,30
MSP929BLK2XL539,P929,BLK,2XL,53,9
MSP929BLKLAR539,P929,BLK,LAR,76,13
MSP929BLKMED539,P929,BLK,MED,67,11
MSP929BLKXLR539,P929,BLK,XLR,59,10
MTOR10LLC2XL,OR10,LLC,2XL,145,20
MTOR10LLCLAR,OR10,LLC,LAR,636,30
MTOR10LLCMED,OR10,LLC,MED,497,20
MTOR10LLCSML,OR10,LLC,SML,154,15
MTOR10LLCXLR,OR10,LLC,XLR,447,30
MTOR10WHTLAR339,OR10,WHT,LAR,71,12
MTOR10WHTMED339,OR10,WHT,MED,39,7
MTOR10WHTXLR339,OR10,WHT,XLR,137,23
MTOR13YLWLAR012449,OR13,YLW,LAR,85,14
MTOR13YLWXLR012449,OR13,YLW,XLR,89,14
MTOR211BLK2XL599,OR211,BLK,2XL,180,20
MTOR211BLKLAR599,OR211,BLK,LAR,300,30
MTOR211BLKMED599,OR211,BLK,MED,251,20
MTOR211BLKXLR599,OR211,BLK,XLR,299,30
MTOR211BTE2XL599,OR211,BTE,2XL,180,20
MTOR211BTELAR599,OR211,BTE,LAR,299,30
MTOR211BTEMED599,OR211,BTE,MED,252,20
MTOR211BTEXLR599,OR211,BTE,XLR,298,30
MTOR211CHA2XL599,OR211,CHA,2XL,180,20
MTOR211CHALAR599,OR211,CHA,LAR,294,30
MTOR211CHAMED599,OR211,CHA,MED,252,20
MTOR211CHAXLR599,OR211,CHA,XLR,300,30
MTOR211GFT2XL599,OR211,GFT,2XL,180,20
MTOR211GFTLAR599,OR211,GFT,LAR,300,30
MTOR211GFTMED599,OR211,GFT,MED,246,20
MTOR211GFTXLR599,OR211,GFT,XLR,300,30
MTOR211MNB2XL599,OR211,MNB,2XL,186,20
MTOR211MNBLAR599,OR211,MNB,LAR,312,30
MTOR211MNBMED599,OR211,MNB,MED,258,20
MTOR211MNBXLR599,OR211,MNB,XLR,313,30
MTOR211OFW2XL599,OR211,OFW,2XL,186,20
MTOR211OFWLAR599,OR211,OFW,LAR,318,30
MTOR211OFWMED599,OR211,OFW,MED,264,20
MTOR211OFWXLR599,OR211,OFW,XLR,312,30
MTOR217BLE2XL619,OR217,BLE,2XL,115,20
MTOR217BLELAR619,OR217,BLE,LAR,253,30
MTOR217BLEMED619,OR217,BLE,MED,269,20
MTOR217BLEXLR619,OR217,BLE,XLR,254,30
MTOR217BLK2XL619,OR217,BLK,2XL,115,20
MTOR217BLKLAR619,OR217,BLK,LAR,254,30
MTOR217BLKMED619,OR217,BLK,MED,269,20
MTOR217BLKXLR619,OR217,BLK,XLR,254,30
MTOR217BRD2XL619,OR217,BRD,2XL,115,20
MTOR217BRDLAR619,OR217,BRD,LAR,254,30
MTOR217BRDMED619,OR217,BRD,MED,268,20
MTOR217BRDXLR619,OR217,BRD,XLR,254,30
MTOR217BTE2XL619,OR217,BTE,2XL,121,20
MTOR217BTELAR619,OR217,BTE,LAR,266,30
MTOR217BTEMED619,OR217,BTE,MED,275,20
MTOR217BTEXLR619,OR217,BTE,XLR,266,30
MTOR217OGY2XL619,OR217,OGY,2XL,127,20
MTOR217OGYLAR619,OR217,OGY,LAR,278,30
MTOR217OGYMED619,OR217,OGY,MED,281,20
MTOR217OGYXLR619,OR217,OGY,XLR,278,30
MTOR217WHT2XL619,OR217,WHT,2XL,121,20
MTOR217WHTLAR619,OR217,WHT,LAR,266,30
MTOR217WHTMED619,OR217,WHT,MED,275,20
MTOR217WHTXLR619,OR217,WHT,XLR,266,30
MTOR30BLK2XL359,OR30,BLK,2XL,178,20
MTOR30BLKLAR359,OR30,BLK,LAR,185,30
MTOR30BLKMED359,OR30,BLK,MED,223,20
MTOR30BLKSML359,OR30,BLK,SML,127,15
MTOR30BLKXLR359,OR30,BLK,XLR,52,9
MTOR30BRD2XL359,OR30,BRD,2XL,154,20
MTOR30BRDLAR359,OR30,BRD,LAR,202,30
MTOR30BRDMED359,OR30,BRD,MED,308,20
MTOR30BRDSML359,OR30,BRD,SML,152,15
MTOR30BRDXLR359,OR30,BRD,XLR,83,14
MTOR30BTE2XL359,OR30,BTE,2XL,153,20
MTOR30BTELAR359,OR30,BTE,LAR,211,30
MTOR30BTEMED359,OR30,BTE,MED,308,20
MTOR30BTESML359,OR30,BTE,SML,154,15
MTOR30BTEXLR359,OR30,BTE,XLR,88,15
MTOR30GVE2XL359,OR30,GVE,2XL,139,20
MTOR30GVELAR359,OR30,GVE,LAR,196,30
MTOR30GVEMED359,OR30,GVE,MED,296,20
MTOR30GVESML359,OR30,GVE,SML,141,15
MTOR30GVEXLR359,OR30,GVE,XLR,76,13
MTOR30IRG2XL359,OR30,IRG,2XL,475,20
MTOR30IRGLAR359,OR30,IRG,LAR,932,30
MTOR30IRGMED359,OR30,IRG,MED,862,20
MTOR30IRGSML359,OR30,IRG,SML,558,15
MTOR30IRGXLR359,OR30,IRG,XLR,311,30
MTOR30LTG2XL359,OR30,LTG,2XL,155,20
MTOR30LTGLAR359,OR30,LTG,LAR,219,30
MTOR30LTGMED359,OR30,LTG,MED,312,20
MTOR30LTGSML359,OR30,LTG,SML,155,15
MTOR30LTGXLR359,OR30,LTG,XLR,91,15
MTOR30NYB2XL359,OR30,NVY,2XL,181,20
MTOR30NYBLAR359,OR30,NVY,LAR,217,30
MTOR30NYBMED359,OR30,NVY,MED,313,20
MTOR30NYBSML359,OR30,NVY,SML,156,15
MTOR30NYBXLR359,OR30,NVY,XLR,88,15
MTOR30OFW2XL359,OR30,OFW,2XL,153,20
MTOR30OFWLAR359,OR30,OFW,LAR,189,30
MTOR30OFWMED359,OR30,OFW,MED,297,20
MTOR30OFWSML359,OR30,OFW,SML,149,15
MTOR30OFWXLR359,OR30,OFW,XLR,75,13
MTOR30TEL2XL359,OR30,TEL,2XL,183,20
MTOR30TELLAR359,OR30,TEL,LAR,217,30
MTOR30TELMED359,OR30,TEL,MED,313,20
MTOR30TELSML359,OR30,TEL,SML,156,15
MTOR30TELXLR359,OR30,TEL,XLR,88,15
MTOR41AGM2XL,OR41,AGM,2XL,79,13
MTOR41AGMLAR,OR41,AGM,LAR,211,30
MTOR41AGMMED,OR41,AGM,MED,79,13
MTOR41AGMXLR,OR41,AGM,XLR,214,30
MTOR41BLM2XL004,OR41,BLM,2XL,69,12
MTOR41BLMLAR004,OR41,BLM,LAR,216,30
MTOR41BLMMED004,OR41,BLM,MED,76,13
MTOR41BLMXLR004,OR41,BLM,XLR,213,30
MTOR41CFM2XL499,OR41,CFM,2XL,68,12
MTOR41CFMLAR499,OR41,CFM,LAR,205,30
MTOR41CFMMED499,OR41,CFM,MED,70,12
MTOR41CFMXLR499,OR41,CFM,XLR,206,30
MTOR41NBM2XL,OR41,NBM,2XL,72,12
MTOR41NBMLAR,OR41,NBM,LAR,215,30
MTOR41NBMMED,OR41,NBM,MED,93,13
MTOR41NBMXLR,OR41,NBM,XLR,215,30
MTOR41SYM2XL,OR41,SYM,2XL,79,13
MTOR41SYMLAR,OR41,SYM,LAR,225,30
MTOR41SYMMED,OR41,SYM,MED,88,13
MTOR41SYMXLR,OR41,SYM,XLR,214,30
MTOR41TLM2XL499,OR41,TLM,2XL,69,12
MTOR41TLMLAR499,OR41,TLM,LAR,204,30
MTOR41TLMMED499,OR41,TLM,MED,71,12
MTOR41TLMXLR499,OR41,TLM,XLR,204,30
MTOR41VIM2XL499,OR41,VIM,2XL,74,13
MTOR41VIMLAR499,OR41,VIM,LAR,205,30
MTOR41VIMMED499,OR41,VIM,MED,70,12
MTOR41VIMXLR499,OR41,VIM,XLR,273,30
MTOR41WDM2XL499,OR41,WDM,2XL,70,12
MTOR41WDMLAR499,OR41,WDM,LAR,206,30
MTOR41WDMMED499,OR41,WDM,MED,70,12
MTOR41WDMXLR499,OR41,WDM,XLR,204,30
MTOR47BMM2XL469,OR47,BMM,2XL,28,5
MTOR47BMMLAR469,OR47,BMM,LAR,83,14
MTOR47BMMMED469,OR47,BMM,MED,57,10
MTOR47BMMSML469,OR47,BMM,SML,32,5
MTOR47BMMXLR469,OR47,BMM,XLR,58,10
MTOR47BRM2XL469,OR47,BRM,2XL,32,5
MTOR47BRMLAR469,OR47,BRM,LAR,92,16
MTOR47BRMMED469,OR47,BRM,MED,59,10
MTOR47BRMSML469,OR47,BRM,SML,32,5
MTOR47BRMXLR469,OR47,BRM,XLR,59,10
MTOR47GVM2XL469,OR47,GVM,2XL,27,5
MTOR47GVMLAR469,OR47,GVM,LAR,83,14
MTOR47GVMMED469,OR47,GVM,MED,54,9
MTOR47GVMSML469,OR47,GVM,SML,29,5
MTOR47GVMXLR469,OR47,GVM,XLR,57,10
MTOR47LGMLAR449,OR47,LGM,LAR,62,7
MTOR47LGMLAR469,OR47,LGM,LAR,62,11
MTOR47LGMXLR449,OR47,LGM,XLR,60,7
MTOR47LGMXLR469,OR47,LGM,XLR,34,6
MTOR71BLE4XL579,OR71,BLE,4XL,25,4
MTOR71BLE5XL579,OR71,BLE,5XL,30,5
MTOR71BLK3XL579,OR71,BLK,3XL,37,6
MTOR71BLK4XL579,OR71,BLK,4XL,50,5
MTOR71BLK5XL579,OR71,BLK,5XL,29,5
MTOR71IRG4XL579,OR71,IRG,4XL,25,4
MTOR71IRG5XL579,OR71,IRG,5XL,30,5
MTOR71MON3XL579,OR71,MON,3XL,28,5
MTOR71MON4XL579,OR71,MON,4XL,29,5
MTOR71MON5XL579,OR71,MON,5XL,34,5
MTOR71NYB3XL579,OR71,NYB,3XL,28,5
MTOR71NYB4XL579,OR71,NYB,4XL,29,5
MTOR71NYB5XL579,OR71,NYB,5XL,37,5
MTOR71OBR3XL579,OR71,OBR,3XL,29,5
MTOR71OBR4XL579,OR71,OBR,4XL,54,5
MTOR71OBR5XL579,OR71,OBR,5XL,34,5
MTOR71SKO4XL579,OR71,SKO,4XL,25,4
MTOR71SKO5XL579,OR71,SKO,5XL,30,5
MTOR71TEL3XL579,OR71,TEL,3XL,32,5
MTOR71TEL4XL579,OR71,TEL,4XL,33,5
MTOR71TEL5XL579,OR71,TEL,5XL,20,3
MTOR71UGY4XL579,OR71,UGY,4XL,25,4
MTOR71UGY5XL579,OR71,UGY,5XL,30,5
MTOR71WHT3XL579,OR71,WHT,3XL,40,7
MTOR71WHT4XL579,OR71,WHT,4XL,28,5
MTOR71WHT5XL579,OR71,WHT,5XL,16,3
MTOR81BLK3XL689,OR81,BLK,3XL,301,10
MTOR81BLK4XL689,OR81,BLK,4XL,315,5
MTOR81BLK5XL689,OR81,BLK,5XL,313,5
MTOR81LTG3XL689,OR81,LTG,3XL,291,10
MTOR81LTG4XL689,OR81,LTG,4XL,291,5
MTOR81LTG5XL689,OR81,LTG,5XL,278,5
MTOR81MNB3XL689,OR81,MNB,3XL,296,10
MTOR81MNB4XL689,OR81,MNB,4XL,279,5
MTOR81MNB5XL689,OR81,MNB,5XL,278,5
MTOR81NYB3XL689,OR81,NYB,3XL,287,10
MTOR81NYB4XL689,OR81,NYB,4XL,288,5
MTOR81NYB5XL689,OR81,NYB,5XL,286,5
MTOR81TEL3XL689,OR81,TEL,3XL,282,10
MTOR81TEL4XL689,OR81,TEL,4XL,303,5
MTOR81TEL5XL689,OR81,TEL,5XL,285,5
MTOR81WHT3XL689,OR81,WHT,3XL,309,10
MTOR81WHT4XL689,OR81,WHT,4XL,302,5
MTOR81WHT5XL689,OR81,WHT,5XL,290,5
MTP706BRD2XL369,P706,BRD,2XL,528,20
MTP706BRDLAR369,P706,BRD,LAR,1772,30
MTP706BRDMED369,P706,BRD,MED,1061,20
MTP706BRDSML369,P706,BRD,SML,541,15
MTP706BRDXLR369,P706,BRD,XLR,1683,30
MTP706GVE2XL369,P706,GVE,2XL,463,20
MTP706GVELAR369,P706,GVE,LAR,1793,30
MTP706GVEMED369,P706,GVE,MED,1166,20
MTP706GVESML369,P706,GVE,SML,565,15
MTP706GVEXLR369,P706,GVE,XLR,1702,30
MTP747CBHLAR007489,P747,CBH,LAR,40,7
MTP747CBHMED007489,P747,CBH,MED,51,9
MTP747CBHXLR007,P747,CBH,XLR,83,5
MTP747CBHXLR007489,P747,CBH,XLR,36,6
MTP747DDCLAR006489,P747,DDC,LAR,97,13
MTP747DDCXLR006489,P747,DDC,XLR,91,13
MTP747DHELAR007489,P747,DHE,LAR,83,13
MTP747DHEXLR007489,P747,DHE,XLR,76,13
MTP747OCT2XL006489,P747,OCT,2XL,27,5
MTP747OCTLAR006489,P747,OCT,LAR,69,12
MTP747OCTXLR006489,P747,OCT,XLR,78,13
MTP812LTGLAR003549,P812,LTG,LAR,109,11
MTP812LTGMED003549,P812,LTG,MED,124,11
MTP812LTGXLR003549,P812,LTG,XLR,81,11
MTP812NBMLAR004549,P812,NBM,LAR,164,11
MTP812NBMMED004549,P812,NBM,MED,104,11
MTP812NBMXLR004549,P812,NBM,XLR,125,11
MTP820CFK2XL005699,P820,CFK,2XL,164,20
MTP820CFKLAR005699,P820,CFK,LAR,177,30
MTP820CFKMED005699,P820,CFK,MED,184,20
MTP820CFKXLR005699,P820,CFK,XLR,150,26
MTP820LTG2XL005699,P820,LTG,2XL,79,13
MTP820LTGLAR005699,P820,LTG,LAR,112,19
MTP820LTGMED005699,P820,LTG,MED,71,12
MTP820LTGXLR005699,P820,LTG,XLR,114,19
MTP820MNB2XL005699,P820,MNB,2XL,77,13
MTP820MNBLAR005699,P820,MNB,LAR,113,19
MTP820MNBMED005699,P820,MNB,MED,71,12
MTP820MNBXLR005699,P820,MNB,XLR,114,19
MTP820RYB2XL005699,P820,RYB,2XL,74,13
MTP820RYBLAR005699,P820,RYB,LAR,109,19
MTP820RYBMED005699,P820,RYB,MED,67,11
MTP820RYBXLR005699,P820,RYB,XLR,110,19
MTP820SDL2XL005699,P820,SDL,2XL,89,15
MTP820SDLLAR005699,P820,SDL,LAR,125,21
MTP820SDLMED005699,P820,SDL,MED,77,13
MTP820SDLXLR005699,P820,SDL,XLR,176,30
MTP820TEL2XL005699,P820,TEL,2XL,86,15
MTP820TELLAR005699,P820,TEL,LAR,130,22
MTP820TELMED005699,P820,TEL,MED,80,14
MTP820TELXLR005699,P820,TEL,XLR,128,22
MTP824BLE2XL008499,P824,BLE,2XL,125,20
MTP824BLELAR008499,P824,BLE,LAR,341,30
MTP824BLEMED008499,P824,BLE,MED,323,20
MTP824BLEXLR008499,P824,BLE,XLR,182,30
MTP824CFK2XL008499,P824,CFK,2XL,106,18
MTP824CFKLAR008499,P824,CFK,LAR,303,30
MTP824CFKMED008499,P824,CFK,MED,305,20
MTP824CFKXLR008499,P824,CFK,XLR,147,25
MTP824TEL2XL008499,P824,TEL,2XL,112,19
MTP824TELLAR006499,P824,TEL,LAR,34,6
MTP824TELLAR008499,P824,TEL,LAR,311,30
MTP824TELMED006499,P824,TEL,MED,31,5
MTP824TELMED008499,P824,TEL,MED,308,20
MTP824TELXLR006499,P824,TEL,XLR,32,5
MTP824TELXLR008499,P824,TEL,XLR,157,27
MTP824WHT2XL008499,P824,WHT,2XL,126,20
MTP824WHTLAR008499,P824,WHT,LAR,342,30
MTP824WHTMED008499,P824,WHT,MED,323,20
MTP824WHTXLR008499,P824,WHT,XLR,182,30
MTP824WLG2XL008499,P824,WLG,2XL,124,20
MTP824WLGLAR008499,P824,WLG,LAR,340,30
MTP824WLGMED008499,P824,WLG,MED,324,20
MTP824WLGXLR008499,P824,WLG,XLR,179,30
MTP824YLW2XL008499,P824,YLW,2XL,126,20
MTP824YLWLAR008499,P824,YLW,LAR,340,30
MTP824YLWMED008499,P824,YLW,MED,320,20
MTP824YLWXLR008499,P824,YLW,XLR,180,30
MTP843BLK2XL699,P843,BLK,2XL,416,20
MTP843BLKLAR699,P843,BLK,LAR,915,30
MTP843BLKMED699,P843,BLK,MED,793,20
MTP843BLKSML699,P843,BLK,SML,271,15
MTP843BLKXLR699,P843,BLK,XLR,641,30
MTP843BRD2XL699,P843,BRD,2XL,361,20
MTP843BRDLAR699,P843,BRD,LAR,684,30
MTP843BRDMED699,P843,BRD,MED,802,20
MTP843BRDSML699,P843,BRD,SML,240,15
MTP843BRDXLR699,P843,BRD,XLR,739,30
MTP843GVE2XL699,P843,GVE,2XL,233,20
MTP843GVELAR699,P843,GVE,LAR,472,30
MTP843GVEMED699,P843,GVE,MED,393,20
MTP843GVESML699,P843,GVE,SML,157,15
MTP843GVEXLR699,P843,GVE,XLR,399,30
MTP843LTG2XL699,P843,LTG,2XL,208,20
MTP843LTGLAR699,P843,LTG,LAR,420,30
MTP843LTGMED699,P843,LTG,MED,404,20
MTP843LTGSML699,P843,LTG,SML,143,15
MTP843LTGXLR699,P843,LTG,XLR,362,30
MTP843MNB2XL699,P843,MNB,2XL,451,20
MTP843MNBLAR699,P843,MNB,LAR,949,30
MTP843MNBMED699,P843,MNB,MED,774,20
MTP843MNBSML699,P843,MNB,SML,294,15
MTP843MNBXLR699,P843,MNB,XLR,695,30
MTP843WHT2XL699,P843,WHT,2XL,224,20
MTP843WHTLAR699,P843,WHT,LAR,438,30
MTP843WHTMED699,P843,WHT,MED,311,20
MTP843WHTSML699,P843,WHT,SML,102,15
MTP843WHTXLR699,P843,WHT,XLR,323,30
MTP858OGY2XL429,P858,OGY,2XL,467,20
MTP858OGYLAR429,P858,OGY,LAR,903,30
MTP858OGYMED429,P858,OGY,MED,329,20
MTP858OGYXLR429,P858,OGY,XLR,804,30
MTP858OLD2XL429,P858,OLD,2XL,349,20
MTP858OLDLAR429,P858,OLD,LAR,834,30
MTP858OLDMED429,P858,OLD,MED,299,20
MTP858OLDXLR429,P858,OLD,XLR,793,30
MTP861CFK2XL429,P861,CFK,2XL,204,20
MTP861CFKLAR429,P861,CFK,LAR,301,30
MTP861CFKMED429,P861,CFK,MED,408,20
MTP861CFKSML429,P861,CFK,SML,204,15
MTP861CFKXLR429,P861,CFK,XLR,402,30
MTP861LTG2XL429,P861,LTG,2XL,204,20
MTP861LTGLAR429,P861,LTG,LAR,302,30
MTP861LTGMED429,P861,LTG,MED,408,20
MTP861LTGSML429,P861,LTG,SML,204,15
MTP861LTGXLR429,P861,LTG,XLR,302,30
MTP861MON2XL429,P861,MON,2XL,204,20
MTP861MONLAR429,P861,MON,LAR,302,30
MTP861MONMED429,P861,MON,MED,408,20
MTP861MONSML429,P861,MON,SML,204,15
MTP861MONXLR429,P861,MON,XLR,301,30
MTP861RYB2XL429,P861,RYB,2XL,204,20
MTP861RYBLAR429,P861,RYB,LAR,302,30
MTP861RYBMED429,P861,RYB,MED,408,20
MTP861RYBSML429,P861,RYB,SML,204,15
MTP861RYBXLR429,P861,RYB,XLR,302,30
MTP861TEL2XL429,P861,TEL,2XL,210,20
MTP861TELLAR429,P861,TEL,LAR,314,30
MTP861TELMED429,P861,TEL,MED,415,20
MTP861TELSML429,P861,TEL,SML,210,15
MTP861TELXLR429,P861,TEL,XLR,314,30
MTP861YLW2XL429,P861,YLW,2XL,210,20
MTP861YLWLAR429,P861,YLW,LAR,314,30
MTP861YLWMED429,P861,YLW,MED,413,20
MTP861YLWSML429,P861,YLW,SML,211,15
MTP861YLWXLR429,P861,YLW,XLR,314,30
MTP880AGY2XL519,P880,AGY,2XL,460,20
MTP880AGYLAR519,P880,AGY,LAR,988,30
MTP880AGYMED519,P880,AGY,MED,507,20
MTP880AGYXLR519,P880,AGY,XLR,1026,30
MTP880BRD2XL519,P880,BRD,2XL,467,20
MTP880BRDLAR519,P880,BRD,LAR,988,30
MTP880BRDMED519,P880,BRD,MED,453,20
MTP880BRDXLR519,P880,BRD,XLR,1001,30
MTP880HBE2XL519,P880,HBE,2XL,352,20
MTP880HBELAR519,P880,HBE,LAR,810,30
MTP880HBEMED519,P880,HBE,MED,365,20
MTP880HBEXLR519,P880,HBE,XLR,788,30
MTP880WHT2XL519,P880,WHT,2XL,302,20
MTP880WHTLAR519,P880,WHT,LAR,692,30
MTP880WHTMED519,P880,WHT,MED,320,20
MTP880WHTXLR519,P880,WHT,XLR,630,30
MTP892BLM2XL002599,P892,BLM,2XL,44,7
MTP892BLMLAR002599,P892,BLM,LAR,74,13
MTP892BLMMED002599,P892,BLM,MED,82,14
MTP892BLMXLR002599,P892,BLM,XLR,66,11
MTP892CFM2XL002599,P892,CFM,2XL,47,8
MTP892CFMLAR002599,P892,CFM,LAR,82,14
MTP892CFMMED002599,P892,CFM,MED,76,13
MTP892CFMXLR002599,P892,CFM,XLR,74,13
MTP892MBM2XL002599,P892,MBM,2XL,52,9
MTP892MBMLAR002599,P892,MBM,LAR,92,16
MTP892MBMMED002599,P892,MBM,MED,82,14
MTP892MBMXLR002599,P892,MBM,XLR,80,14
MTP892MGM2XL002599,P892,MGM,2XL,44,7
MTP892MGMLAR002599,P892,MGM,LAR,74,13
MTP892MGMMED002599,P892,MGM,MED,73,12
MTP892MGMXLR002599,P892,MGM,XLR,66,11
MTP892SYM2XL002599,P892,SYM,2XL,43,7
MTP892SYMLAR002599,P892,SYM,LAR,74,13
MTP892SYMMED002599,P892,SYM,MED,82,14
MTP892SYMXLR002599,P892,SYM,XLR,66,11
MTP892TLM2XL002599,P892,TLM,2XL,56,10
MTP892TLMLAR002599,P892,TLM,LAR,95,16
MTP892TLMMED002599,P892,TLM,MED,85,14
MTP892TLMXLR002599,P892,TLM,XLR,84,14
MTP901BLK2XL599,P901,BLK,2XL,59,10
MTP901BLKLAR599,P901,BLK,LAR,46,8
MTP901BLKMED599,P901,BLK,MED,106,18
MTP901GFT2XL599,P901,GFT,2XL,47,8
MTP901GFTLAR599,P901,GFT,LAR,173,29
MTP901GFTMED599,P901,GFT,MED,111,19
MTP901HBE2XL599,P901,HBE,2XL,100,17
MTP901HBELAR599,P901,HBE,LAR,56,10
MTP901HBEMED599,P901,HBE,MED,135,20
MTP902AGY2XL579,P902,AGY,2XL,62,11
MTP902AGYLAR579,P902,AGY,LAR,353,30
MTP902AGYMED579,P902,AGY,MED,204,20
MTP902AGYXLR579,P902,AGY,XLR,281,30
MTP902BLK2XL579,P902,BLK,2XL,80,14
MTP902BLKLAR579,P902,BLK,LAR,181,30
MTP902BLKMED579,P902,BLK,MED,75,13
MTP902BLKXLR579,P902,BLK,XLR,172,29
MTP902BRD2XL579,P902,BRD,2XL,66,11
MTP902BRDLAR579,P902,BRD,LAR,360,30
MTP902BRDMED579,P902,BRD,MED,215,20
MTP902BRDXLR579,P902,BRD,XLR,284,30
MTP902KHILAR579,P902,KHI,LAR,357,30
MTP902KHIMED579,P902,KHI,MED,217,20
MTP902KHIXLR579,P902,KHI,XLR,313,30
MTP902WLG2XL579,P902,WLG,2XL,46,8
MTP902WLGLAR579,P902,WLG,LAR,306,30
MTP902WLGMED579,P902,WLG,MED,177,20
MTP902WLGXLR579,P902,WLG,XLR,249,30
MTP940BLKLAR529,P940,BLK,LAR,87,15
MTP940BLKMED529,P940,BLK,MED,31,5
MTP940BLKXLR529,P940,BLK,XLR,37,6
MTP969AGY2XL649,P969,AGY,2XL,47,8
MTP969AGYLAR649,P969,AGY,LAR,97,16
MTP969AGYMED649,P969,AGY,MED,90,15
MTP969AGYXLR649,P969,AGY,XLR,71,12
MTP969BLK2XL649,P969,BLK,2XL,37,6
MTP969BLKLAR649,P969,BLK,LAR,82,14
MTP969BLKMED649,P969,BLK,MED,90,15
MTP969BLKXLR649,P969,BLK,XLR,59,10
MTP969CHA2XL649,P969,CHA,2XL,37,6
MTP969CHALAR649,P969,CHA,LAR,82,14
MTP969CHAMED649,P969,CHA,MED,90,15
MTP969CHAXLR649,P969,CHA,XLR,59,10
MTP969GFT2XL649,P969,GFT,2XL,37,6
MTP969GFTLAR649,P969,GFT,LAR,81,14
MTP969GFTMED649,P969,GFT,MED,89,15
MTP969GFTXLR649,P969,GFT,XLR,59,10
MTP969LTG2XL649,P969,LTG,2XL,37,6
MTP969LTGLAR649,P969,LTG,LAR,99,17
MTP969LTGMED649,P969,LTG,MED,90,15
MTP969LTGXLR649,P969,LTG,XLR,61,10
MTP969NYB2XL649,P969,NYB,2XL,46,8
MTP969NYBLAR649,P969,NYB,LAR,99,17
MTP969NYBMED649,P969,NYB,MED,90,15
MTP969NYBXLR649,P969,NYB,XLR,73,12
MTP975BLK2XL629,P975,BLK,2XL,43,7
MTP975BLKLAR629,P975,BLK,LAR,97,16
MTP975BLKMED629,P975,BLK,MED,99,17
MTP975BLKXLR629,P975,BLK,XLR,96,16
MTP975CFK2XL629,P975,CFK,2XL,37,6
MTP975CFKLAR629,P975,CFK,LAR,82,14
MTP975CFKMED629,P975,CFK,MED,99,17
MTP975CFKXLR629,P975,CFK,XLR,82,14
MTP975MNB2XL629,P975,MNB,2XL,37,6
MTP975MNBLAR629,P975,MNB,LAR,82,14
MTP975MNBMED629,P975,MNB,MED,99,17
MTP975MNBXLR629,P975,MNB,XLR,82,14
MTP975NYB2XL629,P975,NYB,2XL,38,6
MTP975NYBLAR629,P975,NYB,LAR,81,14
MTP975NYBMED629,P975,NYB,MED,99,17
MTP975NYBXLR629,P975,NYB,XLR,82,14
MTP975TEL2XL629,P975,TEL,2XL,43,7
MTP975TELLAR629,P975,TEL,LAR,96,16
MTP975TELMED629,P975,TEL,MED,100,17
MTP975TELXLR629,P975,TEL,XLR,96,16
MTP975WHT2XL629,P975,WHT,2XL,43,7
MTP975WHTLAR629,P975,WHT,LAR,96,16
MTP975WHTMED629,P975,WHT,MED,99,17
MTP975WHTXLR629,P975,WHT,XLR,96,16
MTP981BLK2XL001399,P981,BLK,2XL,53,9
MTP981BLKLAR001399,P981,BLK,LAR,56,10
MTP981BLKMED001399,P981,BLK,MED,116,20
MTP981BLKXLR001399,P981,BLK,XLR,56,10
MTP981LTG2XL001399,P981,LTG,2XL,67,11
MTP981LTGLAR001399,P981,LTG,LAR,72,12
MTP981LTGMED001399,P981,LTG,MED,144,20
MTP981LTGXLR001399,P981,LTG,XLR,72,12
MTP981MTG2XL001399,P981,MTG,2XL,67,11
MTP981MTGLAR001399,P981,MTG,LAR,71,12
MTP981MTGMED001399,P981,MTG,MED,146,20
MTP981MTGXLR001399,P981,MTG,XLR,72,12
MTP981RED2XL001399,P981,RED,2XL,50,8
MTP981REDLAR001399,P981,RED,LAR,55,9
MTP981REDMED001399,P981,RED,MED,122,20
MTP981REDXLR001399,P981,RED,XLR,55,9
MTP981SKY2XL001399,P981,SKY,2XL,59,10
MTP981SKYLAR001399,P981,SKY,LAR,68,12
MTP981SKYMED001399,P981,SKY,MED,122,20
MTP981SKYXLR001399,P981,SKY,XLR,68,12
MTP981YLW2XL001399,P981,YLW,2XL,52,9
MTP981YLWLAR001399,P981,YLW,LAR,55,9
MTP981YLWMED001399,P981,YLW,MED,116,20
MTP981YLWXLR001399,P981,YLW,XLR,56,10
MTP982BLE2XL469,P982,BLE,2XL,30,5
MTP982BLELAR469,P982,BLE,LAR,68,12
MTP982BLEMED469,P982,BLE,MED,71,12
MTP982BLEXLR469,P982,BLE,XLR,67,11
MTP982BLKLAR469,P982,BLK,LAR,54,9
MTP982BLKMED469,P982,BLK,MED,71,12
MTP982BLKXLR469,P982,BLK,XLR,93,16
MTP982BRDLAR469,P982,BRD,LAR,54,9
MTP982BRDMED469,P982,BRD,MED,71,12
MTP982BRDXLR469,P982,BRD,XLR,54,9
MTP982BTELAR469,P982,BTE,LAR,55,9
MTP982BTEMED469,P982,BTE,MED,71,12
MTP982BTEXLR469,P982,BTE,XLR,54,9
MTP982LTG2XL469,P982,LTG,2XL,29,5
MTP982LTGLAR469,P982,LTG,LAR,68,12
MTP982LTGMED469,P982,LTG,MED,71,12
MTP982LTGXLR469,P982,LTG,XLR,68,12
MTP982WHT2XL469,P982,WHT,2XL,42,7
MTP982WHTLAR469,P982,WHT,LAR,96,16
MTP982WHTMED469,P982,WHT,MED,99,17
MTP982WHTXLR469,P982,WHT,XLR,97,16
MTP983BLK2XL569,P983,BLK,2XL,94,16
MTP983BLKLAR569,P983,BLK,LAR,217,30
MTP983BLKMED569,P983,BLK,MED,256,20
MTP983BLKXLR569,P983,BLK,XLR,219,30
MTP983BRD2XL569,P983,BRD,2XL,92,16
MTP983BRDLAR569,P983,BRD,LAR,218,30
MTP983BRDMED569,P983,BRD,MED,256,20
MTP983BRDXLR569,P983,BRD,XLR,218,30
MTP983BTE2XL569,P983,BTE,2XL,93,16
MTP983BTELAR569,P983,BTE,LAR,314,30
MTP983BTEMED569,P983,BTE,MED,256,20
MTP983BTEXLR569,P983,BTE,XLR,220,30
MTP983GFT2XL569,P983,GFT,2XL,100,17
MTP983GFTLAR569,P983,GFT,LAR,230,30
MTP983GFTMED569,P983,GFT,MED,262,20
MTP983GFTXLR569,P983,GFT,XLR,230,30
MTP983MNB2XL569,P983,MNB,2XL,100,17
MTP983MNBLAR569,P983,MNB,LAR,230,30
MTP983MNBMED569,P983,MNB,MED,262,20
MTP983MNBXLR569,P983,MNB,XLR,230,30
MTP983MTG2XL569,P983,MTG,2XL,95,16
MTP983MTGLAR569,P983,MTG,LAR,218,30
MTP983MTGMED569,P983,MTG,MED,256,20
MTP983MTGXLR569,P983,MTG,XLR,249,30
MTP991ASH2XL799,P991,ASH,2XL,62,11
MTP991ASHLAR799,P991,ASH,LAR,148,25
MTP991ASHMED799,P991,ASH,MED,154,20
MTP991ASHXLR799,P991,ASH,XLR,172,29
MTP991BLE2XL799,P991,BLE,2XL,62,11
MTP991BLELAR799,P991,BLE,LAR,146,25
MTP991BLEMED799,P991,BLE,MED,176,20
MTP991BLEXLR799,P991,BLE,XLR,170,29
MTP991BOE2XL799,P991,BOE,2XL,62,11
MTP991BOELAR799,P991,BOE,LAR,150,26
MTP991BOEMED799,P991,BOE,MED,155,20
MTP991BOEXLR799,P991,BOE,XLR,150,26
MTP991GFT2XL799,P991,GFT,2XL,66,11
MTP991GFTLAR799,P991,GFT,LAR,158,27
MTP991GFTMED799,P991,GFT,MED,164,20
MTP991GFTXLR799,P991,GFT,XLR,158,27
MTP991MTG2XL799,P991,MTG,2XL,82,14
MTP991MTGLAR799,P991,MTG,LAR,190,30
MTP991MTGMED799,P991,MTG,MED,192,20
MTP991MTGXLR799,P991,MTG,XLR,215,30
MTP991OGY2XL799,P991,OGY,2XL,68,12
MTP991OGYLAR799,P991,OGY,LAR,162,28
MTP991OGYMED799,P991,OGY,MED,162,20
MTP991OGYXLR799,P991,OGY,XLR,163,28
MVP847SYM2XL359,P847,SYM,2XL,64,11
MVP847SYMLAR359,P847,SYM,LAR,41,7
MVP847SYMXLR359,P847,SYM,XLR,48,8
MVP847VIM2XL359,P847,VIM,2XL,62,11
MVP847VIMLAR359,P847,VIM,LAR,33,6
MVP847VIMXLR359,P847,VIM,XLR,45,8
MVP860BLK2XL349,P860,BLK,2XL,86,15
MVP860BLKLAR349,P860,BLK,LAR,190,30
MVP860BLKMED349,P860,BLK,MED,177,20
MVP860BLKSML349,P860,BLK,SML,46,8
MVP860BLKXLR349,P860,BLK,XLR,126,22
MVP860MNB2XL349,P860,MNB,2XL,96,16
MVP860MNBLAR349,P860,MNB,LAR,198,30
MVP860MNBMED349,P860,MNB,MED,198,20
MVP860MNBSML349,P860,MNB,SML,54,9
MVP860MNBXLR349,P860,MNB,XLR,144,24
MVP860OGY2XL349,P860,OGY,2XL,96,16
MVP860OGYLAR349,P860,OGY,LAR,210,30
MVP860OGYMED349,P860,OGY,MED,198,20
MVP860OGYSML349,P860,OGY,SML,54,9
MVP860OGYXLR349,P860,OGY,XLR,144,24
MVP860RST2XL349,P860,RST,2XL,96,16
MVP860RSTLAR349,P860,RST,LAR,139,24
MVP860RSTMED349,P860,RST,MED,200,20
MVP860RSTSML349,P860,RST,SML,54,9
MVP860RSTXLR349,P860,RST,XLR,144,24
MVP860TEL2XL349,P860,TEL,2XL,102,17
MVP860TELLAR349,P860,TEL,LAR,227,30
MVP860TELMED349,P860,TEL,MED,204,20
MVP860TELSML349,P860,TEL,SML,60,10
MVP860TELXLR349,P860,TEL,XLR,156,27
MVP860WHT2XL349,P860,WHT,2XL,102,17
MVP860WHTLAR349,P860,WHT,LAR,228,30
MVP860WHTMED349,P860,WHT,MED,204,20
MVP860WHTSML349,P860,WHT,SML,60,10
MVP860WHTXLR349,P860,WHT,XLR,156,27
WBW130BLKXLR,W130,BLK,XLR,59,3
WBW145BLK2XL,W145,BLK,2XL,1009,10
WBW145BLKLAR,W145,BLK,LAR,1458,20
WBW145BLKMED,W145,BLK,MED,2002,15
WBW145BLKSML,W145,BLK,SML,1112,10
WBW145BLKXLR,W145,BLK,XLR,1566,20
WBW145GFT2XL,W145,GFT,2XL,461,10
WBW145GFTLAR,W145,GFT,LAR,733,20
WBW145GFTMED,W145,GFT,MED,1006,15
WBW145GFTSML,W145,GFT,SML,489,10
WBW145GFTXLR,W145,GFT,XLR,733,20
WBW145GVE2XL525,W145,GVE,2XL,463,10
WBW145GVELAR525,W145,GVE,LAR,726,20
WBW145GVEMED525,W145,GVE,MED,1007,15
WBW145GVESML525,W145,GVE,SML,487,10
WBW145GVEXLR525,W145,GVE,XLR,732,20
WBW145IRG2XL,W145,IRG,2XL,382,10
WBW145IRGLAR,W145,IRG,LAR,732,20
WBW145IRGMED,W145,IRG,MED,1004,15
WBW145IRGSML,W145,IRG,SML,483,10
WBW145IRGXLR,W145,IRG,XLR,729,20
WBW145NVY2XL,W145,NVY,2XL,457,10
WBW145NVYLAR,W145,NVY,LAR,728,20
WBW145NVYMED,W145,NVY,MED,973,15
WBW145NVYSML,W145,NVY,SML,488,10
WBW145NVYXLR,W145,NVY,XLR,736,20
WBW146BLK2XL003575,W146,BLK,2XL,71,10
WBW146BLKLAR003575,W146,BLK,LAR,93,16
WBW146BLKMED003575,W146,BLK,MED,143,15
WBW146BLKSML003575,W146,BLK,SML,71,10
WBW146BLKXLR003575,W146,BLK,XLR,69,12
WBW146CHALAR002,W146,CHA,LAR,83,4
WBW146CHAMED002,W146,CHA,MED,34,3
WBW146CHAXLR002,W146,CHA,XLR,65,4
WBW146GFTLAR002,W146,GFT,LAR,61,4
WBW146GFTMED002,W146,GFT,MED,31,3
WBW146GFTXLR002,W146,GFT,XLR,39,4
WBW146LLCLAR002,W146,LLC,LAR,46,4
WBW146LLCMED002,W146,LLC,MED,27,3
WBW146LLCXLR002,W146,LLC,XLR,32,4
WBW146LTG2XL003575,W146,LTG,2XL,71,10
WBW146LTGLAR003575,W146,LTG,LAR,93,16
WBW146LTGMED003575,W146,LTG,MED,143,15
WBW146LTGSML003575,W146,LTG,SML,71,10
WBW146LTGXLR003575,W146,LTG,XLR,69,12
WBW146MNB2XL003575,W146,MNB,2XL,69,10
WBW146MNBLAR003575,W146,MNB,LAR,112,19
WBW146MNBMED003575,W146,MNB,MED,143,15
WBW146MNBSML003575,W146,MNB,SML,71,10
WBW146MNBXLR003575,W146,MNB,XLR,85,14
WBW146MTGLAR002,W146,MTG,LAR,48,4
WBW146MTGXLR002,W146,MTG,XLR,28,4
WBW146OBR2XL003575,W146,OBR,2XL,83,10
WBW146OBRLAR003575,W146,OBR,LAR,92,16
WBW146OBRMED003575,W146,OBR,MED,143,15
WBW146OBRSML003575,W146,OBR,SML,71,10
WBW146OBRXLR003575,W146,OBR,XLR,69,12
WBW146TEL2XL003575,W146,TEL,2XL,71,10
WBW146TELLAR003575,W146,TEL,LAR,93,16
WBW146TELMED003575,W146,TEL,MED,143,15
WBW146TELSML003575,W146,TEL,SML,71,10
WBW146TELXLR003575,W146,TEL,XLR,69,12
WBW146VIO2XL003575,W146,VIO,2XL,77,10
WBW146VIOLAR002,W146,VIO,LAR,50,4
WBW146VIOLAR003575,W146,VIO,LAR,105,18
WBW146VIOMED002,W146,VIO,MED,29,3
WBW146VIOMED003575,W146,VIO,MED,155,15
WBW146VIOSML003575,W146,VIO,SML,77,10
WBW146VIOXLR002,W146,VIO,XLR,30,4
WBW146VIOXLR003575,W146,VIO,XLR,80,14
WBW146WLGLAR002,W146,WLG,LAR,30,4
WBW146WLGXLR002,W146,WLG,XLR,21,4
WJWM16BLK2XL899,WM16,BLK,2XL,293,10
WJWM16BLKLAR899,WM16,BLK,LAR,430,20
WJWM16BLKMED899,WM16,BLK,MED,303,15
WJWM16BLKSML899,WM16,BLK,SML,102,10
WJWM16BLKXLR,WM16,BLK,XLR,17,3
WJWM16BLKXLR899,WM16,BLK,XLR,520,20
WJWM16BTE2XL,WM16,BTE,2XL,144,10
WJWM16BTELAR,WM16,BTE,LAR,243,20
WJWM16BTEMED,WM16,BTE,MED,176,15
WJWM16BTESML,WM16,BTE,SML,65,10
WJWM16BTEXLR,WM16,BTE,XLR,235,20
WJWM16LTG2XL,WM16,LTG,2XL,108,10
WJWM16LTGLAR,WM16,LTG,LAR,216,3
WJWM16LTGMED,WM16,LTG,MED,141,14
WJWM16LTGXLR,WM16,LTG,XLR,234,20
WJWM16OBR2XL899,WM16,OBR,2XL,107,10
WJWM16OBRLAR899,WM16,OBR,LAR,125,20
WJWM16OBRMED899,WM16,OBR,MED,52,9
WJWM16OBRSML899,WM16,OBR,SML,15,3
WJWM16OBRXLR899,WM16,OBR,XLR,247,20
WJWM16OGY2XL899,WM16,OGY,2XL,72,10
WJWM16OGYLAR899,WM16,OGY,LAR,115,13
WJWM16OGYMED899,WM16,OGY,MED,62,11
WJWM16OGYXLR899,WM16,OGY,XLR,175,20
WJWM86BLE2XL879,WM86,BLE,2XL,390,10
WJWM86BLELAR879,WM86,BLE,LAR,828,20
WJWM86BLEMED879,WM86,BLE,MED,606,15
WJWM86BLESML879,WM86,BLE,SML,354,10
WJWM86BLEXLR879,WM86,BLE,XLR,732,20
WJWM86BLK2XL879,WM86,BLK,2XL,850,10
WJWM86BLKLAR879,WM86,BLK,LAR,1637,20
WJWM86BLKMED879,WM86,BLK,MED,1273,15
WJWM86BLKSML879,WM86,BLK,SML,761,10
WJWM86BLKXLR879,WM86,BLK,XLR,1461,20
WJWM86OBR2XL879,WM86,OBR,2XL,336,10
WJWM86OBRLAR879,WM86,OBR,LAR,774,20
WJWM86OBRMED879,WM86,OBR,MED,576,15
WJWM86OBRSML879,WM86,OBR,SML,338,10
WJWM86OBRXLR879,WM86,OBR,XLR,693,20
WJWM86OGY2XL879,WM86,OGY,2XL,360,10
WJWM86OGYLAR879,WM86,OGY,LAR,684,20
WJWM86OGYMED879,WM86,OGY,MED,514,15
WJWM86OGYSML879,WM86,OGY,SML,300,10
WJWM86OGYXLR879,WM86,OGY,XLR,646,20
WJWM86WLG2XL879,WM86,WLG,2XL,388,10
WJWM86WLGLAR879,WM86,WLG,LAR,798,20
WJWM86WLGMED879,WM86,WLG,MED,605,15
WJWM86WLGSML879,WM86,WLG,SML,354,10
WJWM86WLGXLR879,WM86,WLG,XLR,731,20
WPOR75BLK2XLR649,OR75,BLK,2XL,34,6
WPOR75BLKLAR649,OR75,BLK,LAR,81,9
WPOR75BLKLAR699,OR75,BLK,LAR,57,10
WPOR75BLKXLR649,OR75,BLK,XLR,50,8
WPOR75BLKXLR699,OR75,BLK,XLR,60,10
WPW115FPEMED,W115,FPE,MED,40,3
WPW133LGMXLR,W133,LGM,XLR,15,3
WPW134BLK2XL629,W134,BLK,2XL,98,7
WPW134BLKLAR629,W134,BLK,LAR,40,7
WPW134BLKMED629,W134,BLK,MED,65,7
WPW134BLKSML629,W134,BLK,SML,29,4
WPW134BLKXLR629,W134,BLK,XLR,35,6
WPW139BLKMED,W139,BLK,MED,48,4
WPW139TRNLAR,W139,TRN,LAR,23,3
WPW139VIOXLR,W139,VIO,XLR,26,3
WPW144NYBLAR,W144,NYB,LAR,37,3
WPW144SKOXLR,W144,SKO,XLR,21,3
WPW152BLKLAR,W152,BLK,LAR,38,5
WPW152BLKMED,W152,BLK,MED,25,4
WPW152BLKXLR,W152,BLK,XLR,40,5
WPW152OBRLAR,W152,OBR,LAR,27,3
WPW152TSPXLR,W152,TSP,XLR,21,3
WPW155AGYLAR003759,W155,AGY,LAR,120,20
WPW155AGYMED003759,W155,AGY,MED,80,14
WPW155AGYSML003759,W155,AGY,SML,40,7
WPW155AGYXLR003759,W155,AGY,XLR,40,7
WPW155BLKLAR003759,W155,BLK,LAR,80,14
WPW155BLKSML003759,W155,BLK,SML,80,10
WPW155CHAMED002,W155,CHA,MED,12,3
WPW155CNG2XL003759,W155,CNG,2XL,40,7
WPW155CNGLAR003759,W155,CNG,LAR,80,7
WPW155CNGMED003759,W155,CNG,MED,80,14
WPW155CNGSML003759,W155,CNG,SML,42,7
WPW155CNGXLR003759,W155,CNG,XLR,200,20
WPW155GFT2XL003759,W155,GFT,2XL,40,7
WPW155GFTLAR003759,W155,GFT,LAR,160,20
WPW155GFTMED003759,W155,GFT,MED,120,15
WPW155GFTSML003759,W155,GFT,SML,38,6
WPW155GFTXLR003759,W155,GFT,XLR,80,14
WPW155LTG2XL003759,W155,LTG,2XL,40,7
WPW155LTGLAR003759,W155,LTG,LAR,120,20
WPW155LTGMED003759,W155,LTG,MED,120,15
WPW155LTGXLR003759,W155,LTG,XLR,159,20
WPW155NYBMED002,W155,NYB,MED,44,3
WPW155OBR2XL003759,W155,OBR,2XL,40,7
WPW155OBRLAR003759,W155,OBR,LAR,40,7
WPW155OBRMED003759,W155,OBR,MED,80,14
WPW162BLK2XL699,W162,BLK,2XL,77,8
WPW162BLKLAR699,W162,BLK,LAR,52,8
WPW162BLKMED699,W162,BLK,MED,113,8
WPW162BLKSML699,W162,BLK,SML,14,3
WPW162BLKXLR699,W162,BLK,XLR,36,6
WPW173MTGLAR,W173,MTG,LAR,27,3
WPW210BLE2XL749,W210,BLE,2XL,90,10
WPW210BLELAR749,W210,BLE,LAR,252,20
WPW210BLEMED749,W210,BLE,MED,258,15
WPW210BLESML749,W210,BLE,SML,114,10
WPW210BLEXLR749,W210,BLE,XLR,252,20
WPW210BLK2XL749,W210,BLK,2XL,257,10
WPW210BLKLAR749,W210,BLK,LAR,587,20
WPW210BLKMED749,W210,BLK,MED,595,15
WPW210BLKSML749,W210,BLK,SML,281,10
WPW210BLKXLR749,W210,BLK,XLR,589,20
WPW210BOE2XL749,W210,BOE,2XL,90,10
WPW210BOELAR749,W210,BOE,LAR,251,20
WPW210BOEMED749,W210,BOE,MED,259,15
WPW210BOESML749,W210,BOE,SML,114,10
WPW210BOEXLR749,W210,BOE,XLR,252,20
WPW210GFT2XL749,W210,GFT,2XL,90,10
WPW210GFTLAR749,W210,GFT,LAR,255,20
WPW210GFTMED749,W210,GFT,MED,253,15
WPW210GFTSML749,W210,GFT,SML,114,10
WPW210GFTXLR749,W210,GFT,XLR,252,20
WPW210OGY2XL749,W210,OGY,2XL,96,10
WPW210OGYLAR749,W210,OGY,LAR,264,20
WPW210OGYMED749,W210,OGY,MED,264,15
WPW210OGYSML749,W210,OGY,SML,120,10
WPW210OGYXLR749,W210,OGY,XLR,264,20
WPWL20BLK2XL839,WL20,BLK,2XL,451,10
WPWL20BLKLAR839,WL20,BLK,LAR,925,20
WPWL20BLKMED839,WL20,BLK,MED,762,15
WPWL20BLKSML839,WL20,BLK,SML,555,10
WPWL20BLKXLR839,WL20,BLK,XLR,968,20
WPWL20BTE2XL839,WL20,BTE,2XL,157,10
WPWL20BTELAR839,WL20,BTE,LAR,342,20
WPWL20BTEMED839,WL20,BTE,MED,414,15
WPWL20BTESML839,WL20,BTE,SML,184,10
WPWL20BTEXLR839,WL20,BTE,XLR,363,20
WPWL20GFT2XL839,WL20,GFT,2XL,139,10
WPWL20GFTLAR839,WL20,GFT,LAR,358,20
WPWL20GFTMED839,WL20,GFT,MED,414,15
WPWL20GFTSML839,WL20,GFT,SML,200,10
WPWL20GFTXLR839,WL20,GFT,XLR,358,20
WPWL20NVY2XL839,WL20,NVY,2XL,167,10
WPWL20NVYLAR839,WL20,NVY,LAR,373,20
WPWL20NVYMED839,WL20,NVY,MED,427,15
WPWL20NVYSML839,WL20,NVY,SML,223,10
WPWL20NVYXLR839,WL20,NVY,XLR,372,20
WPWL20WLG2XL839,WL20,WLG,2XL,191,10
WPWL20WLGLAR839,WL20,WLG,LAR,409,20
WPWL20WLGMED839,WL20,WLG,MED,440,15
WPWL20WLGSML839,WL20,WLG,SML,207,10
WPWL20WLGXLR839,WL20,WLG,XLR,347,20
WPWR89VIOXLR,WR89,VIO,XLR,22,3
WTW105BLK2XL339,W105,BLK,2XL,31,5
WTW105BLKLAR339,W105,BLK,LAR,56,10
WTW105BLKMED339,W105,BLK,MED,77,13
WTW105BLKXLR339,W105,BLK,XLR,51,9
WTW105LLC2XL339,W105,LLC,2XL,49,8
WTW105LLCLAR339,W105,LLC,LAR,87,15
WTW105LLCMED339,W105,LLC,MED,98,15
WTW105LLCSML339,W105,LLC,SML,33,6
WTW105LLCXLR339,W105,LLC,XLR,60,10
WTW105PCH2XL339,W105,PCH,2XL,43,7
WTW105PCHLAR339,W105,PCH,LAR,101,17
WTW105PCHMED339,W105,PCH,MED,116,15
WTW105PCHSML339,W105,PCH,SML,32,5
WTW105PCHXLR339,W105,PCH,XLR,68,12
WTW105SDL2XL339,W105,SDL,2XL,24,4
WTW105SDLLAR339,W105,SDL,LAR,53,9
WTW105SDLMED339,W105,SDL,MED,66,11
WTW105SDLXLR339,W105,SDL,XLR,31,5
WTW105TEL2XL339,W105,TEL,2XL,46,8
WTW105TELLAR339,W105,TEL,LAR,89,15
WTW105TELMED339,W105,TEL,MED,103,15
WTW105TELSML339,W105,TEL,SML,22,4
WTW105TELXLR339,W105,TEL,XLR,67,11
WTW105VIO2XL339,W105,VIO,2XL,42,7
WTW105VIOLAR339,W105,VIO,LAR,89,15
WTW105VIOMED339,W105,VIO,MED,115,15
WTW105VIOSML339,W105,VIO,SML,33,6
WTW105VIOXLR339,W105,VIO,XLR,32,5
WTW132CME2XL,W132,CME,2XL,24,3
WTW132CMELAR,W132,CME,LAR,26,4
WTW132DPM2XL,W132,DPM,2XL,54,4
WTW132DPMLAR,W132,DPM,LAR,19,3
WTW132GCM2XL,W132,GCM,2XL,24,3
WTW132GCMLAR,W132,GCM,LAR,65,4
WTW132HRM2XL,W132,HRM,2XL,54,3
WTW132HRMLAR,W132,HRM,LAR,65,4
WTW132LGM2XL,W132,LGM,2XL,54,3
WTW132LGMLAR,W132,LGM,LAR,58,4
WTW132NBMLAR,W132,NBM,LAR,40,4
WTW158BLK2XL549,W158,BLK,2XL,114,10
WTW158BLKLAR549,W158,BLK,LAR,214,20
WTW158BLKMED549,W158,BLK,MED,360,15
WTW158BLKSML549,W158,BLK,SML,235,10
WTW158BLKXLR549,W158,BLK,XLR,89,15
WTW158CHA2XL549,W158,CHA,2XL,102,10
WTW158CHALAR549,W158,CHA,LAR,196,20
WTW158CHAMED549,W158,CHA,MED,334,15
WTW158CHASML549,W158,CHA,SML,222,10
WTW158CHAXLR549,W158,CHA,XLR,112,19
WTW158GFT2XL549,W158,GFT,2XL,102,10
WTW158GFTLAR549,W158,GFT,LAR,192,20
WTW158GFTMED549,W158,GFT,MED,334,15
WTW158GFTSML549,W158,GFT,SML,222,10
WTW158GFTXLR549,W158,GFT,XLR,201,20
WTW158MNB2XL549,W158,MNB,2XL,102,10
WTW158MNBLAR549,W158,MNB,LAR,192,20
WTW158MNBMED549,W158,MNB,MED,333,15
WTW158MNBSML549,W158,MNB,SML,222,10
WTW158MNBXLR549,W158,MNB,XLR,102,17
WTW158MTG2XL549,W158,MTG,2XL,88,10
WTW158MTGLAR549,W158,MTG,LAR,204,20
WTW158MTGMED549,W158,MTG,MED,340,15
WTW158MTGSML549,W158,MTG,SML,228,10
WTW158MTGXLR549,W158,MTG,XLR,214,20
WTW158YLW2XL549,W158,YLW,2XL,108,10
WTW158YLWLAR549,W158,YLW,LAR,204,20
WTW158YLWMED549,W158,YLW,MED,340,15
WTW158YLWSML549,W158,YLW,SML,228,10
WTW158YLWXLR549,W158,YLW,XLR,214,20
WTW171YLWLAR,W171,YLW,LAR,30,4
WTW188BLKLAR549,W188,BLK,LAR,40,7
WTW188BLKXLR549,W188,BLK,XLR,52,8
WTW188GFTLAR549,W188,GFT,LAR,27,5
WTW188LLCLAR549,W188,LLC,LAR,33,6
WTW188LLCXLR549,W188,LLC,XLR,41,7
WTW188MTGLAR549,W188,MTG,LAR,24,4
WTW188OBRLAR549,W188,OBR,LAR,37,6
WTW188OBRXLR549,W188,OBR,XLR,31,5
WTW188VIOLAR549,W188,VIO,LAR,44,7
WTW188VIOXLR549,W188,VIO,XLR,44,7
WTW192GFTLAR,W192,GFT,LAR,30,5
WTW192GFTMED,W192,GFT,MED,34,5
WTW192GFTXLR,W192,GFT,XLR,31,5
WTW194BLK2XL499,W194,BLK,2XL,53,9
WTW194BLKLAR499,W194,BLK,LAR,203,20
WTW194BLKMED499,W194,BLK,MED,209,15
WTW194BLKSML499,W194,BLK,SML,150,10
WTW194BLKXLR499,W194,BLK,XLR,156,20
WTW194BRD2XL499,W194,BRD,2XL,54,9
WTW194BRDLAR499,W194,BRD,LAR,204,20
WTW194BRDMED499,W194,BRD,MED,210,15
WTW194BRDSML499,W194,BRD,SML,149,10
WTW194BRDXLR499,W194,BRD,XLR,155,20
WTW194MNB2XL499,W194,MNB,2XL,54,9
WTW194MNBLAR499,W194,MNB,LAR,204,20
WTW194MNBMED499,W194,MNB,MED,210,15
WTW194MNBSML499,W194,MNB,SML,150,10
WTW194MNBXLR499,W194,MNB,XLR,204,20
WTW194MTG2XL499,W194,MTG,2XL,54,9
WTW194MTGLAR499,W194,MTG,LAR,206,20
WTW194MTGMED499,W194,MTG,MED,210,15
WTW194MTGSML499,W194,MTG,SML,150,10
WTW194MTGXLR499,W194,MTG,XLR,204,20
WTW194NYB2XL499,W194,NYB,2XL,60,10
WTW194NYBLAR499,W194,NYB,LAR,218,20
WTW194NYBMED499,W194,NYB,MED,216,15
WTW194NYBSML499,W194,NYB,SML,156,10
WTW194NYBXLR499,W194,NYB,XLR,216,20
WTW194YLW2XL499,W194,YLW,2XL,60,10
WTW194YLWLAR499,W194,YLW,LAR,216,20
WTW194YLWMED499,W194,YLW,MED,216,15
WTW194YLWSML499,W194,YLW,SML,156,10
WTW194YLWXLR499,W194,YLW,XLR,215,20
WTW209BLE2XL749,W209,BLE,2XL,19,3
WTW209BLELAR749,W209,BLE,LAR,50,8
WTW209BLEMED749,W209,BLE,MED,53,9
WTW209BLESML749,W209,BLE,SML,18,3
WTW209BLEXLR749,W209,BLE,XLR,45,8
WTW209BLK2XL749,W209,BLK,2XL,68,10
WTW209BLKLAR749,W209,BLK,LAR,179,20
WTW209BLKMED749,W209,BLK,MED,184,15
WTW209BLKSML749,W209,BLK,SML,84,10
WTW209BLKXLR749,W209,BLK,XLR,179,20
WTW209BOE2XL749,W209,BOE,2XL,25,4
WTW209BOELAR749,W209,BOE,LAR,55,9
WTW209BOEMED749,W209,BOE,MED,65,11
WTW209BOESML749,W209,BOE,SML,27,5
WTW209BOEXLR749,W209,BOE,XLR,58,10
WTW209GFT2XL749,W209,GFT,2XL,25,4
WTW209GFTLAR749,W209,GFT,LAR,55,9
WTW209GFTMED749,W209,GFT,MED,33,6
WTW209GFTSML749,W209,GFT,SML,27,5
WTW209GFTXLR749,W209,GFT,XLR,58,10
WTW209OGY2XL749,W209,OGY,2XL,28,5
WTW209OGYLAR749,W209,OGY,LAR,61,10
WTW209OGYMED749,W209,OGY,MED,68,12
WTW209OGYSML749,W209,OGY,SML,30,5
WTW209OGYXLR749,W209,OGY,XLR,64,11
WTWL19BLK2XL699,WL19,BLK,2XL,419,10
WTWL19BLKLAR699,WL19,BLK,LAR,923,20
WTWL19BLKMED699,WL19,BLK,MED,998,15
WTWL19BLKSML699,WL19,BLK,SML,424,10
WTWL19BLKXLR699,WL19,BLK,XLR,932,20
WTWL19BTE2XL699,WL19,BTE,2XL,160,10
WTWL19BTELAR699,WL19,BTE,LAR,405,20
WTWL19BTEMED699,WL19,BTE,MED,412,15
WTWL19BTESML699,WL19,BTE,SML,198,10
WTWL19BTEXLR699,WL19,BTE,XLR,413,20
WTWL19GFT2XL699,WL19,GFT,2XL,162,10
WTWL19GFTLAR699,WL19,GFT,LAR,409,20
WTWL19GFTMED699,WL19,GFT,MED,415,15
WTWL19GFTSML699,WL19,GFT,SML,200,10
WTWL19GFTXLR699,WL19,GFT,XLR,413,20
WTWL19NVY2XL699,WL19,NVY,2XL,148,10
WTWL19NVYLAR699,WL19,NVY,LAR,421,20
WTWL19NVYMED699,WL19,NVY,MED,424,15
WTWL19NVYSML699,WL19,NVY,SML,204,10
WTWL19NVYXLR699,WL19,NVY,XLR,424,20
WTWL19WLG2XL699,WL19,WLG,2XL,176,10
WTWL19WLGLAR699,WL19,WLG,LAR,429,20
WTWL19WLGMED699,WL19,WLG,MED,436,15
WTWL19WLGSML699,WL19,WLG,SML,207,10
WTWL19WLGXLR699,WL19,WLG,XLR,434,20
